product,issue,unique_narratives,companies,active_months,sub_issue_groups,first_date,last_date,before_july_2025,july_september_2025,october_december_2025,largest_company_n,team_id,team_name,template_families,product_issue_id,product_issue_label,included,selection_reason
Credit reporting or other personal consumer reports,Incorrect information on your report,324392,1311,24,9,2024-01-01,2025-12-31,227024,60073,37295,94174,T01,Credit Reporting Team,304699,T01_I005,Credit reporting or other personal consumer reports :: Incorrect information on your report,true,included
Credit reporting or other personal consumer reports,Improper use of your report,182130,1148,24,4,2024-01-01,2025-12-31,150316,19784,12030,52956,T01,Credit Reporting Team,170716,T01_I004,Credit reporting or other personal consumer reports :: Improper use of your report,true,included
Credit reporting or other personal consumer reports,Problem with a company's investigation into an existing problem,122715,871,24,5,2024-01-01,2025-12-31,100575,13603,8537,38458,T01,Credit Reporting Team,114526,T01_I008,Credit reporting or other personal consumer reports :: Problem with a company's investigation into an existing problem,true,included
Credit reporting or other personal consumer reports,Unable to get your credit report or credit score,5466,146,24,2,2024-01-01,2025-12-29,4554,590,322,1803,T01,Credit Reporting Team,5420,T01_I012,Credit reporting or other personal consumer reports :: Unable to get your credit report or credit score,true,included
Credit reporting or other personal consumer reports,Problem with fraud alerts or security freezes,4308,196,24,1,2024-01-01,2025-12-29,3578,443,287,1196,T01,Credit Reporting Team,4188,T01_I010,Credit reporting or other personal consumer reports :: Problem with fraud alerts or security freezes,true,included
Credit reporting or other personal consumer reports,Credit monitoring or identity theft protection services,4016,274,24,5,2024-01-01,2025-12-29,3199,548,269,1113,T01,Credit Reporting Team,3922,T01_I001,Credit reporting or other personal consumer reports :: Credit monitoring or identity theft protection services,true,included
Credit reporting or other personal consumer reports,Problem with a company's investigation into an existing issue,1559,183,24,5,2024-01-01,2025-12-29,1165,243,151,250,T01,Credit Reporting Team,1558,T01_I007,Credit reporting or other personal consumer reports :: Problem with a company's investigation into an existing issue,true,included
Credit reporting or other personal consumer reports,Identity theft protection or other monitoring services,522,120,24,5,2024-01-02,2025-12-28,411,68,43,117,T01,Credit Reporting Team,519,T01_I003,Credit reporting or other personal consumer reports :: Identity theft protection or other monitoring services,true,included
Credit reporting or other personal consumer reports,Dealing with your lender or servicer,1,1,1,1,2025-02-10,2025-02-10,1,0,0,1,T01,Credit Reporting Team,1,T01_I002,Credit reporting or other personal consumer reports :: Dealing with your lender or servicer,false,fewer_than_500_unique_narratives
Credit reporting or other personal consumer reports,Problem with a purchase shown on your statement,1,1,1,1,2025-02-11,2025-02-11,1,0,0,1,T01,Credit Reporting Team,1,T01_I009,Credit reporting or other personal consumer reports :: Problem with a purchase shown on your statement,false,fewer_than_500_unique_narratives
Credit reporting or other personal consumer reports,"Other features, terms, or problems",1,1,1,1,2024-11-27,2024-11-27,1,0,0,1,T01,Credit Reporting Team,1,T01_I006,"Credit reporting or other personal consumer reports :: Other features, terms, or problems",false,fewer_than_500_unique_narratives
Credit reporting or other personal consumer reports,Struggling to repay your loan,1,1,1,1,2025-02-26,2025-02-26,1,0,0,1,T01,Credit Reporting Team,1,T01_I011,Credit reporting or other personal consumer reports :: Struggling to repay your loan,false,fewer_than_500_unique_narratives
Debt collection,Attempts to collect debt not owed,55929,1634,24,4,2024-01-01,2025-12-31,39080,10058,6791,3682,T02,Debt Collection Team,55434,T02_I001,Debt collection :: Attempts to collect debt not owed,true,included
Debt collection,Written notification about debt,22183,1223,24,3,2024-01-01,2025-12-31,15978,3338,2867,1593,T02,Debt Collection Team,21903,T02_I007,Debt collection :: Written notification about debt,true,included
Debt collection,False statements or representation,18839,1293,24,4,2024-01-01,2025-12-31,12102,3824,2913,1575,T02,Debt Collection Team,18601,T02_I004,Debt collection :: False statements or representation,true,included
Debt collection,Took or threatened to take negative or legal action,12327,1297,24,8,2024-01-01,2025-12-31,8629,1912,1786,994,T02,Debt Collection Team,12259,T02_I006,Debt collection :: Took or threatened to take negative or legal action,true,included
Debt collection,Communication tactics,8255,942,24,5,2024-01-01,2025-12-31,5920,1327,1008,747,T02,Debt Collection Team,8240,T02_I002,Debt collection :: Communication tactics,true,included
Debt collection,Electronic communications,3274,483,24,4,2024-01-01,2025-12-31,2183,572,519,316,T02,Debt Collection Team,3268,T02_I003,Debt collection :: Electronic communications,true,included
Debt collection,Threatened to contact someone or share information improperly,2092,546,24,4,2024-01-01,2025-12-31,1428,356,308,155,T02,Debt Collection Team,2085,T02_I005,Debt collection :: Threatened to contact someone or share information improperly,true,included
Credit card,Problem with a purchase shown on your statement,19297,241,24,3,2024-01-01,2025-12-31,13313,3041,2943,2771,T03,Credit Card Team,19291,T03_I011,Credit card :: Problem with a purchase shown on your statement,true,included
Credit card,"Other features, terms, or problems",8885,202,24,9,2024-01-01,2025-12-31,6368,1314,1203,1284,T03,Credit Card Team,8882,T03_I008,"Credit card :: Other features, terms, or problems",true,included
Credit card,Fees or interest,8642,142,24,3,2024-01-01,2025-12-31,6374,1122,1146,1636,T03,Credit Card Team,8637,T03_I004,Credit card :: Fees or interest,true,included
Credit card,Getting a credit card,8256,239,24,5,2024-01-01,2025-12-31,6039,1248,969,1246,T03,Credit Card Team,8222,T03_I005,Credit card :: Getting a credit card,true,included
Credit card,Closing your account,5981,138,24,2,2024-01-02,2025-12-31,4235,905,841,971,T03,Credit Card Team,5977,T03_I002,Credit card :: Closing your account,true,included
Credit card,Problem when making payments,4566,181,24,2,2024-01-01,2025-12-31,3451,606,509,590,T03,Credit Card Team,4545,T03_I009,Credit card :: Problem when making payments,true,included
Credit card,"Advertising and marketing, including promotional offers",3565,113,24,2,2024-01-01,2025-12-31,2533,533,499,524,T03,Credit Card Team,3563,T03_I001,"Credit card :: Advertising and marketing, including promotional offers",true,included
Credit card,Incorrect information on your report,3538,193,24,7,2024-01-02,2025-12-31,2151,729,658,429,T03,Credit Card Team,3506,T03_I007,Credit card :: Incorrect information on your report,true,included
Credit card,Trouble using your card,3289,112,24,3,2024-01-01,2025-12-31,2312,509,468,513,T03,Credit Card Team,3288,T03_I014,Credit card :: Trouble using your card,true,included
Credit card,Problem with a company's investigation into an existing problem,2280,98,24,5,2024-01-01,2025-12-31,1751,257,272,336,T03,Credit Card Team,2271,T03_I010,Credit card :: Problem with a company's investigation into an existing problem,true,included
Credit card,Struggling to pay your bill,987,85,24,3,2024-01-01,2025-12-31,667,179,141,203,T03,Credit Card Team,986,T03_I013,Credit card :: Struggling to pay your bill,true,included
Credit card,Improper use of your report,657,79,24,4,2024-01-01,2025-12-29,496,82,79,137,T03,Credit Card Team,657,T03_I006,Credit card :: Improper use of your report,true,included
Credit card,Credit monitoring or identity theft protection services,200,40,24,5,2024-01-06,2025-12-30,154,31,15,45,T03,Credit Card Team,200,T03_I003,Credit card :: Credit monitoring or identity theft protection services,false,fewer_than_500_unique_narratives
Credit card,Problem with fraud alerts or security freezes,83,30,23,1,2024-01-08,2025-12-29,54,17,12,17,T03,Credit Card Team,83,T03_I012,Credit card :: Problem with fraud alerts or security freezes,false,fewer_than_500_unique_narratives
Credit card,Unable to get your credit report or credit score,41,16,20,2,2024-01-24,2025-12-27,30,4,7,14,T03,Credit Card Team,41,T03_I015,Credit card :: Unable to get your credit report or credit score,false,fewer_than_500_unique_narratives
Checking or savings account,Managing an account,41960,319,24,11,2024-01-01,2025-12-31,29854,6334,5772,4785,T04,Banking Accounts Team,41894,T04_I005,Checking or savings account :: Managing an account,true,included
Checking or savings account,Closing an account,10634,225,24,4,2024-01-01,2025-12-31,7554,1644,1436,1627,T04,Banking Accounts Team,10630,T04_I001,Checking or savings account :: Closing an account,true,included
Checking or savings account,Problem with a lender or other company charging your account,9714,292,24,3,2024-01-01,2025-12-31,6546,1612,1556,1356,T04,Banking Accounts Team,9713,T04_I009,Checking or savings account :: Problem with a lender or other company charging your account,true,included
Checking or savings account,Problem caused by your funds being low,8145,181,24,4,2024-01-01,2025-12-31,6726,740,679,3768,T04,Banking Accounts Team,7974,T04_I007,Checking or savings account :: Problem caused by your funds being low,true,included
Checking or savings account,Opening an account,5608,177,24,4,2024-01-01,2025-12-31,3882,1002,724,643,T04,Banking Accounts Team,5605,T04_I006,Checking or savings account :: Opening an account,true,included
Checking or savings account,Problem with a company's investigation into an existing problem,149,52,24,5,2024-01-05,2025-12-30,106,23,20,18,T04,Banking Accounts Team,149,T04_I008,Checking or savings account :: Problem with a company's investigation into an existing problem,false,fewer_than_500_unique_narratives
Checking or savings account,Incorrect information on your report,121,37,24,7,2024-01-04,2025-12-29,86,21,14,22,T04,Banking Accounts Team,121,T04_I004,Checking or savings account :: Incorrect information on your report,false,fewer_than_500_unique_narratives
Checking or savings account,Improper use of your report,63,31,21,4,2024-01-18,2025-12-31,45,8,10,11,T04,Banking Accounts Team,63,T04_I003,Checking or savings account :: Improper use of your report,false,fewer_than_500_unique_narratives
Checking or savings account,Problem with fraud alerts or security freezes,46,25,21,1,2024-01-24,2025-12-30,27,6,13,5,T04,Banking Accounts Team,46,T04_I010,Checking or savings account :: Problem with fraud alerts or security freezes,false,fewer_than_500_unique_narratives
Checking or savings account,Credit monitoring or identity theft protection services,32,18,18,5,2024-01-20,2025-11-29,24,3,5,6,T04,Banking Accounts Team,32,T04_I002,Checking or savings account :: Credit monitoring or identity theft protection services,false,fewer_than_500_unique_narratives
Checking or savings account,Unable to get your credit report or credit score,6,6,5,2,2024-08-15,2025-08-15,4,2,0,1,T04,Banking Accounts Team,6,T04_I011,Checking or savings account :: Unable to get your credit report or credit score,false,fewer_than_500_unique_narratives
"Money transfer, virtual currency, or money service",Other transaction problem,22283,249,24,1,2024-01-02,2025-12-31,19935,935,1413,11087,T05,Money Transfers & Digital Currency Team,20356,T05_I009,"Money transfer, virtual currency, or money service :: Other transaction problem",true,included
"Money transfer, virtual currency, or money service",Fraud or scam,10427,324,24,1,2024-01-01,2025-12-31,7424,1627,1376,2255,T05,Money Transfers & Digital Currency Team,10418,T05_I003,"Money transfer, virtual currency, or money service :: Fraud or scam",true,included
"Money transfer, virtual currency, or money service",Unauthorized transactions or other transaction problem,4553,122,24,1,2024-01-03,2025-12-31,2963,787,803,1999,T05,Money Transfers & Digital Currency Team,4552,T05_I014,"Money transfer, virtual currency, or money service :: Unauthorized transactions or other transaction problem",true,included
"Money transfer, virtual currency, or money service",Trouble accessing funds in your mobile or digital wallet,2995,99,24,1,2024-01-02,2025-12-31,1824,640,531,1376,T05,Money Transfers & Digital Currency Team,2994,T05_I013,"Money transfer, virtual currency, or money service :: Trouble accessing funds in your mobile or digital wallet",true,included
"Money transfer, virtual currency, or money service",Money was not available when promised,2604,150,24,1,2024-01-01,2025-12-31,1802,409,393,296,T05,Money Transfers & Digital Currency Team,2595,T05_I007,"Money transfer, virtual currency, or money service :: Money was not available when promised",true,included
"Money transfer, virtual currency, or money service","Managing, opening, or closing your mobile wallet account",1381,69,24,1,2024-01-02,2025-12-31,840,269,272,562,T05,Money Transfers & Digital Currency Team,1381,T05_I006,"Money transfer, virtual currency, or money service :: Managing, opening, or closing your mobile wallet account",true,included
"Money transfer, virtual currency, or money service",Confusing or missing disclosures,1379,111,24,1,2024-01-03,2025-12-31,1094,149,136,401,T05,Money Transfers & Digital Currency Team,1379,T05_I002,"Money transfer, virtual currency, or money service :: Confusing or missing disclosures",true,included
"Money transfer, virtual currency, or money service",Other service problem,1311,93,24,1,2024-01-01,2025-12-31,1012,165,134,398,T05,Money Transfers & Digital Currency Team,1305,T05_I008,"Money transfer, virtual currency, or money service :: Other service problem",true,included
"Money transfer, virtual currency, or money service",Unexpected or other fees,649,118,24,1,2024-01-02,2025-12-31,452,94,103,130,T05,Money Transfers & Digital Currency Team,649,T05_I015,"Money transfer, virtual currency, or money service :: Unexpected or other fees",true,included
"Money transfer, virtual currency, or money service",Problem with customer service,582,96,24,1,2024-01-01,2025-12-31,384,110,88,80,T05,Money Transfers & Digital Currency Team,582,T05_I012,"Money transfer, virtual currency, or money service :: Problem with customer service",true,included
"Money transfer, virtual currency, or money service",Wrong amount charged or received,384,77,24,1,2024-01-04,2025-12-31,292,55,37,55,T05,Money Transfers & Digital Currency Team,384,T05_I016,"Money transfer, virtual currency, or money service :: Wrong amount charged or received",false,fewer_than_500_unique_narratives
"Money transfer, virtual currency, or money service",Confusing or misleading advertising or marketing,281,58,24,1,2024-01-02,2025-12-31,194,41,46,86,T05,Money Transfers & Digital Currency Team,281,T05_I001,"Money transfer, virtual currency, or money service :: Confusing or misleading advertising or marketing",false,fewer_than_500_unique_narratives
"Money transfer, virtual currency, or money service",Lost or stolen money order,240,52,24,1,2024-01-01,2025-12-27,170,39,31,56,T05,Money Transfers & Digital Currency Team,240,T05_I005,"Money transfer, virtual currency, or money service :: Lost or stolen money order",false,fewer_than_500_unique_narratives
"Money transfer, virtual currency, or money service",Problem adding money,164,26,23,1,2024-01-13,2025-12-31,115,26,23,72,T05,Money Transfers & Digital Currency Team,164,T05_I011,"Money transfer, virtual currency, or money service :: Problem adding money",false,fewer_than_500_unique_narratives
"Money transfer, virtual currency, or money service","Overdraft, savings, or rewards features",53,14,20,1,2024-02-01,2025-12-24,35,7,11,19,T05,Money Transfers & Digital Currency Team,53,T05_I010,"Money transfer, virtual currency, or money service :: Overdraft, savings, or rewards features",false,fewer_than_500_unique_narratives
"Money transfer, virtual currency, or money service",Incorrect exchange rate,38,20,22,1,2024-01-11,2025-12-19,28,8,2,5,T05,Money Transfers & Digital Currency Team,38,T05_I004,"Money transfer, virtual currency, or money service :: Incorrect exchange rate",false,fewer_than_500_unique_narratives
Mortgage,Trouble during payment process,14234,415,24,9,2024-01-01,2025-12-31,10651,1840,1743,2502,T06,Mortgage Team,14229,T06_I009,Mortgage :: Trouble during payment process,true,included
Mortgage,Struggling to pay mortgage,5833,296,24,4,2024-01-01,2025-12-31,4135,875,823,682,T06,Mortgage Team,5832,T06_I008,Mortgage :: Struggling to pay mortgage,true,included
Mortgage,Applying for a mortgage or refinancing an existing mortgage,2779,409,24,8,2024-01-02,2025-12-31,1954,436,389,180,T06,Mortgage Team,2779,T06_I001,Mortgage :: Applying for a mortgage or refinancing an existing mortgage,true,included
Mortgage,Closing on a mortgage,2166,378,24,6,2024-01-01,2025-12-31,1456,397,313,129,T06,Mortgage Team,2166,T06_I002,Mortgage :: Closing on a mortgage,true,included
Mortgage,Incorrect information on your report,629,119,24,7,2024-01-02,2025-12-31,426,104,99,78,T06,Mortgage Team,628,T06_I005,Mortgage :: Incorrect information on your report,true,included
Mortgage,Problem with a company's investigation into an existing problem,404,88,24,5,2024-01-02,2025-12-31,266,55,83,59,T06,Mortgage Team,404,T06_I006,Mortgage :: Problem with a company's investigation into an existing problem,false,fewer_than_500_unique_narratives
Mortgage,Improper use of your report,99,58,24,4,2024-01-09,2025-12-30,75,12,12,8,T06,Mortgage Team,99,T06_I004,Mortgage :: Improper use of your report,false,fewer_than_500_unique_narratives
Mortgage,Credit monitoring or identity theft protection services,28,19,14,5,2024-01-09,2025-12-23,15,8,5,6,T06,Mortgage Team,28,T06_I003,Mortgage :: Credit monitoring or identity theft protection services,false,fewer_than_500_unique_narratives
Mortgage,Unable to get your credit report or credit score,21,16,12,2,2024-02-07,2025-12-26,12,2,7,3,T06,Mortgage Team,21,T06_I010,Mortgage :: Unable to get your credit report or credit score,false,fewer_than_500_unique_narratives
Mortgage,Problem with fraud alerts or security freezes,15,11,12,1,2024-01-23,2025-12-05,7,4,4,4,T06,Mortgage Team,15,T06_I007,Mortgage :: Problem with fraud alerts or security freezes,false,fewer_than_500_unique_narratives
Student loan,Dealing with your lender or servicer,12177,123,24,7,2024-01-01,2025-12-31,9890,1303,984,5741,T07,Student Loan Team,12170,T07_I002,Student loan :: Dealing with your lender or servicer,true,included
Student loan,Struggling to repay your loan,3620,84,24,6,2024-01-01,2025-12-31,2851,425,344,1130,T07,Student Loan Team,3615,T07_I010,Student loan :: Struggling to repay your loan,true,included
Student loan,Incorrect information on your report,1051,45,24,7,2024-01-01,2025-12-31,714,178,159,296,T07,Student Loan Team,1049,T07_I005,Student loan :: Incorrect information on your report,true,included
Student loan,Improper use of your report,657,27,24,4,2024-01-02,2025-12-31,571,56,30,237,T07,Student Loan Team,657,T07_I004,Student loan :: Improper use of your report,true,included
Student loan,Getting a loan,469,48,24,9,2024-01-11,2025-12-31,352,63,54,175,T07,Student Loan Team,469,T07_I003,Student loan :: Getting a loan,false,fewer_than_500_unique_narratives
Student loan,Problem with a company's investigation into an existing problem,355,35,24,5,2024-01-07,2025-12-29,201,79,75,115,T07,Student Loan Team,355,T07_I008,Student loan :: Problem with a company's investigation into an existing problem,false,fewer_than_500_unique_narratives
Student loan,Credit monitoring or identity theft protection services,100,15,22,5,2024-01-08,2025-12-01,72,18,10,24,T07,Student Loan Team,100,T07_I001,Student loan :: Credit monitoring or identity theft protection services,false,fewer_than_500_unique_narratives
Student loan,Issue where my lender is my school,92,29,24,2,2024-01-27,2025-12-31,65,11,16,15,T07,Student Loan Team,92,T07_I006,Student loan :: Issue where my lender is my school,false,fewer_than_500_unique_narratives
Student loan,Issue with income share agreement,89,22,20,4,2024-02-22,2025-12-31,61,12,16,14,T07,Student Loan Team,89,T07_I007,Student loan :: Issue with income share agreement,false,fewer_than_500_unique_narratives
Student loan,Problem with fraud alerts or security freezes,46,10,15,1,2024-03-29,2025-11-22,29,11,6,12,T07,Student Loan Team,46,T07_I009,Student loan :: Problem with fraud alerts or security freezes,false,fewer_than_500_unique_narratives
Student loan,Unable to get your credit report or credit score,17,6,15,2,2024-01-22,2025-09-28,13,4,0,7,T07,Student Loan Team,17,T07_I011,Student loan :: Unable to get your credit report or credit score,false,fewer_than_500_unique_narratives
Vehicle loan or lease,Managing the loan or lease,5918,306,24,5,2024-01-02,2025-12-31,3968,1024,926,458,T08,Vehicle Finance Team,5918,T08_I005,Vehicle loan or lease :: Managing the loan or lease,true,included
Vehicle loan or lease,Repossession,5009,330,24,9,2024-01-01,2025-12-31,3294,857,858,479,T08,Vehicle Finance Team,4999,T08_I009,Vehicle loan or lease :: Repossession,true,included
Vehicle loan or lease,Problems at the end of the loan or lease,2781,201,24,8,2024-01-02,2025-12-31,1887,485,409,258,T08,Vehicle Finance Team,2781,T08_I008,Vehicle loan or lease :: Problems at the end of the loan or lease,true,included
Vehicle loan or lease,Getting a loan or lease,2473,207,24,9,2024-01-01,2025-12-31,1711,414,348,157,T08,Vehicle Finance Team,2467,T08_I002,Vehicle loan or lease :: Getting a loan or lease,true,included
Vehicle loan or lease,Incorrect information on your report,1144,135,24,7,2024-01-01,2025-12-31,782,187,175,112,T08,Vehicle Finance Team,1143,T08_I004,Vehicle loan or lease :: Incorrect information on your report,true,included
Vehicle loan or lease,Struggling to pay your loan,949,126,24,2,2024-01-02,2025-12-31,647,161,141,103,T08,Vehicle Finance Team,949,T08_I010,Vehicle loan or lease :: Struggling to pay your loan,true,included
Vehicle loan or lease,Problem with a company's investigation into an existing problem,439,76,24,5,2024-01-04,2025-12-31,286,55,98,41,T08,Vehicle Finance Team,439,T08_I006,Vehicle loan or lease :: Problem with a company's investigation into an existing problem,false,fewer_than_500_unique_narratives
Vehicle loan or lease,Improper use of your report,237,73,24,4,2024-01-03,2025-12-29,195,25,17,23,T08,Vehicle Finance Team,236,T08_I003,Vehicle loan or lease :: Improper use of your report,false,fewer_than_500_unique_narratives
Vehicle loan or lease,Credit monitoring or identity theft protection services,65,38,23,5,2024-01-06,2025-12-25,45,7,13,6,T08,Vehicle Finance Team,65,T08_I001,Vehicle loan or lease :: Credit monitoring or identity theft protection services,false,fewer_than_500_unique_narratives
Vehicle loan or lease,Unable to get your credit report or credit score,29,18,20,2,2024-01-12,2025-12-15,21,6,2,5,T08,Vehicle Finance Team,29,T08_I011,Vehicle loan or lease :: Unable to get your credit report or credit score,false,fewer_than_500_unique_narratives
Vehicle loan or lease,Problem with fraud alerts or security freezes,18,15,14,1,2024-02-20,2025-11-28,14,1,3,2,T08,Vehicle Finance Team,18,T08_I007,Vehicle loan or lease :: Problem with fraud alerts or security freezes,false,fewer_than_500_unique_narratives
"Payday loan, title loan, personal loan, or advance loan",Charged fees or interest you didn't expect,3469,346,24,1,2024-01-01,2025-12-31,2255,664,550,240,T09,Personal & Short-Term Loans Team,3469,T09_I003,"Payday loan, title loan, personal loan, or advance loan :: Charged fees or interest you didn't expect",true,included
"Payday loan, title loan, personal loan, or advance loan",Problem when making payments,1520,245,24,1,2024-01-02,2025-12-31,996,271,253,202,T09,Personal & Short-Term Loans Team,1519,T09_I016,"Payday loan, title loan, personal loan, or advance loan :: Problem when making payments",true,included
"Payday loan, title loan, personal loan, or advance loan",Struggling to pay your loan,1386,276,24,1,2024-01-01,2025-12-31,930,236,220,149,T09,Personal & Short-Term Loans Team,1384,T09_I026,"Payday loan, title loan, personal loan, or advance loan :: Struggling to pay your loan",true,included
"Payday loan, title loan, personal loan, or advance loan",Problem with the payoff process at the end of the loan,1067,239,24,1,2024-01-01,2025-12-31,705,180,182,73,T09,Personal & Short-Term Loans Team,1067,T09_I021,"Payday loan, title loan, personal loan, or advance loan :: Problem with the payoff process at the end of the loan",true,included
"Payday loan, title loan, personal loan, or advance loan",Problem with additional add-on products or services,1033,176,24,1,2024-01-02,2025-12-31,684,180,169,179,T09,Personal & Short-Term Loans Team,1033,T09_I018,"Payday loan, title loan, personal loan, or advance loan :: Problem with additional add-on products or services",true,included
"Payday loan, title loan, personal loan, or advance loan",Getting the loan,999,204,24,1,2024-01-02,2025-12-31,645,182,172,130,T09,Personal & Short-Term Loans Team,999,T09_I009,"Payday loan, title loan, personal loan, or advance loan :: Getting the loan",true,included
"Payday loan, title loan, personal loan, or advance loan",Incorrect information on your report,578,158,24,7,2024-01-03,2025-12-27,388,96,94,51,T09,Personal & Short-Term Loans Team,576,T09_I011,"Payday loan, title loan, personal loan, or advance loan :: Incorrect information on your report",true,included
"Payday loan, title loan, personal loan, or advance loan",Getting a line of credit,418,125,24,1,2024-01-04,2025-12-31,305,56,57,36,T09,Personal & Short-Term Loans Team,418,T09_I008,"Payday loan, title loan, personal loan, or advance loan :: Getting a line of credit",false,fewer_than_500_unique_narratives
"Payday loan, title loan, personal loan, or advance loan",Received a loan you didn't apply for,280,119,24,1,2024-01-20,2025-12-31,215,34,31,34,T09,Personal & Short-Term Loans Team,280,T09_I025,"Payday loan, title loan, personal loan, or advance loan :: Received a loan you didn't apply for",false,fewer_than_500_unique_narratives
"Payday loan, title loan, personal loan, or advance loan",Problem with a company's investigation into an existing problem,255,98,24,5,2024-01-01,2025-12-31,181,30,44,52,T09,Personal & Short-Term Loans Team,255,T09_I017,"Payday loan, title loan, personal loan, or advance loan :: Problem with a company's investigation into an existing problem",false,fewer_than_500_unique_narratives
"Payday loan, title loan, personal loan, or advance loan",Can't stop withdrawals from your bank account,235,69,24,1,2024-01-05,2025-12-30,154,46,35,48,T09,Personal & Short-Term Loans Team,235,T09_I002,"Payday loan, title loan, personal loan, or advance loan :: Can't stop withdrawals from your bank account",false,fewer_than_500_unique_narratives
"Payday loan, title loan, personal loan, or advance loan",Can't contact lender or servicer,215,110,24,1,2024-01-01,2025-12-22,135,46,34,19,T09,Personal & Short-Term Loans Team,215,T09_I001,"Payday loan, title loan, personal loan, or advance loan :: Can't contact lender or servicer",false,fewer_than_500_unique_narratives
"Payday loan, title loan, personal loan, or advance loan",Improper use of your report,182,87,24,4,2024-01-05,2025-12-23,138,27,17,17,T09,Personal & Short-Term Loans Team,182,T09_I010,"Payday loan, title loan, personal loan, or advance loan :: Improper use of your report",false,fewer_than_500_unique_narratives
"Payday loan, title loan, personal loan, or advance loan",Vehicle was repossessed or sold the vehicle,160,38,24,1,2024-01-03,2025-12-31,102,35,23,62,T09,Personal & Short-Term Loans Team,160,T09_I030,"Payday loan, title loan, personal loan, or advance loan :: Vehicle was repossessed or sold the vehicle",false,fewer_than_500_unique_narratives
"Payday loan, title loan, personal loan, or advance loan",Money was taken from your bank account on the wrong day or for the wrong amount,152,64,24,1,2024-01-01,2025-12-31,94,29,29,16,T09,Personal & Short-Term Loans Team,152,T09_I015,"Payday loan, title loan, personal loan, or advance loan :: Money was taken from your bank account on the wrong day or for the wrong amount",false,fewer_than_500_unique_narratives
"Payday loan, title loan, personal loan, or advance loan",Loan payment wasn't credited to your account,152,69,22,1,2024-01-02,2025-12-31,111,20,21,19,T09,Personal & Short-Term Loans Team,152,T09_I013,"Payday loan, title loan, personal loan, or advance loan :: Loan payment wasn't credited to your account",false,fewer_than_500_unique_narratives
"Payday loan, title loan, personal loan, or advance loan",Issues with repayment,125,60,24,1,2024-01-09,2025-12-31,80,21,24,14,T09,Personal & Short-Term Loans Team,125,T09_I012,"Payday loan, title loan, personal loan, or advance loan :: Issues with repayment",false,fewer_than_500_unique_narratives
"Payday loan, title loan, personal loan, or advance loan","Was approved for a loan, but didn't receive the money",121,63,23,1,2024-02-01,2025-12-25,82,20,19,12,T09,Personal & Short-Term Loans Team,121,T09_I032,"Payday loan, title loan, personal loan, or advance loan :: Was approved for a loan, but didn't receive the money",false,fewer_than_500_unique_narratives
"Payday loan, title loan, personal loan, or advance loan",Problems receiving the advance,76,46,24,1,2024-01-04,2025-12-23,52,11,13,7,T09,Personal & Short-Term Loans Team,76,T09_I022,"Payday loan, title loan, personal loan, or advance loan :: Problems receiving the advance",false,fewer_than_500_unique_narratives
"Payday loan, title loan, personal loan, or advance loan",Confusing or misleading advertising or marketing,75,57,23,1,2024-01-04,2025-12-14,52,12,11,4,T09,Personal & Short-Term Loans Team,75,T09_I004,"Payday loan, title loan, personal loan, or advance loan :: Confusing or misleading advertising or marketing",false,fewer_than_500_unique_narratives
"Payday loan, title loan, personal loan, or advance loan",Confusing or missing disclosures,71,50,24,1,2024-01-03,2025-12-25,42,16,13,9,T09,Personal & Short-Term Loans Team,71,T09_I005,"Payday loan, title loan, personal loan, or advance loan :: Confusing or missing disclosures",false,fewer_than_500_unique_narratives
"Payday loan, title loan, personal loan, or advance loan",Unexpected fees,68,41,22,1,2024-01-07,2025-12-30,45,12,11,4,T09,Personal & Short-Term Loans Team,68,T09_I028,"Payday loan, title loan, personal loan, or advance loan :: Unexpected fees",false,fewer_than_500_unique_narratives
"Payday loan, title loan, personal loan, or advance loan",Problem with cash advance,60,44,22,1,2024-01-04,2025-12-29,46,10,4,7,T09,Personal & Short-Term Loans Team,60,T09_I019,"Payday loan, title loan, personal loan, or advance loan :: Problem with cash advance",false,fewer_than_500_unique_narratives
"Payday loan, title loan, personal loan, or advance loan",Credit monitoring or identity theft protection services,50,40,19,5,2024-01-07,2025-12-04,33,14,3,4,T09,Personal & Short-Term Loans Team,50,T09_I007,"Payday loan, title loan, personal loan, or advance loan :: Credit monitoring or identity theft protection services",false,fewer_than_500_unique_narratives
"Payday loan, title loan, personal loan, or advance loan",Vehicle was damaged or destroyed the vehicle,39,14,17,1,2024-01-19,2025-11-26,32,2,5,16,T09,Personal & Short-Term Loans Team,39,T09_I029,"Payday loan, title loan, personal loan, or advance loan :: Vehicle was damaged or destroyed the vehicle",false,fewer_than_500_unique_narratives
"Payday loan, title loan, personal loan, or advance loan",Credit limit changed,31,22,19,1,2024-01-05,2025-12-29,24,3,4,4,T09,Personal & Short-Term Loans Team,31,T09_I006,"Payday loan, title loan, personal loan, or advance loan :: Credit limit changed",false,fewer_than_500_unique_narratives
"Payday loan, title loan, personal loan, or advance loan",Problem with fraud alerts or security freezes,30,26,17,1,2024-01-18,2025-12-14,17,7,6,4,T09,Personal & Short-Term Loans Team,30,T09_I020,"Payday loan, title loan, personal loan, or advance loan :: Problem with fraud alerts or security freezes",false,fewer_than_500_unique_narratives
"Payday loan, title loan, personal loan, or advance loan","Was approved for a loan, but didn't receive money",30,8,16,1,2024-01-19,2025-11-21,19,10,1,17,T09,Personal & Short-Term Loans Team,30,T09_I031,"Payday loan, title loan, personal loan, or advance loan :: Was approved for a loan, but didn't receive money",false,fewer_than_500_unique_narratives
"Payday loan, title loan, personal loan, or advance loan",Unable to get your credit report or credit score,17,16,15,1,2024-01-05,2025-11-14,12,3,2,2,T09,Personal & Short-Term Loans Team,17,T09_I027,"Payday loan, title loan, personal loan, or advance loan :: Unable to get your credit report or credit score",false,fewer_than_500_unique_narratives
"Payday loan, title loan, personal loan, or advance loan",Property was sold,10,2,8,1,2024-10-27,2025-12-31,2,4,4,8,T09,Personal & Short-Term Loans Team,10,T09_I024,"Payday loan, title loan, personal loan, or advance loan :: Property was sold",false,fewer_than_500_unique_narratives
"Payday loan, title loan, personal loan, or advance loan",Lost or stolen refund,6,6,6,1,2024-03-11,2025-12-01,4,1,1,1,T09,Personal & Short-Term Loans Team,6,T09_I014,"Payday loan, title loan, personal loan, or advance loan :: Lost or stolen refund",false,fewer_than_500_unique_narratives
"Payday loan, title loan, personal loan, or advance loan",Property was damaged or destroyed property,2,2,2,1,2025-10-23,2025-11-18,0,0,2,1,T09,Personal & Short-Term Loans Team,2,T09_I023,"Payday loan, title loan, personal loan, or advance loan :: Property was damaged or destroyed property",false,fewer_than_500_unique_narratives
Prepaid card,Trouble using the card,3410,81,24,8,2024-01-01,2025-12-31,2710,379,321,1543,T10,Prepaid Card Team,3405,T10_I005,Prepaid card :: Trouble using the card,true,included
Prepaid card,Problem with a purchase or transfer,1992,86,24,3,2024-01-01,2025-12-31,1402,330,260,416,T10,Prepaid Card Team,1991,T10_I003,Prepaid card :: Problem with a purchase or transfer,true,included
Prepaid card,Problem getting a card or closing an account,999,67,24,4,2024-01-02,2025-12-30,674,172,153,168,T10,Prepaid Card Team,999,T10_I002,Prepaid card :: Problem getting a card or closing an account,true,included
Prepaid card,Unexpected or other fees,942,76,24,1,2024-01-01,2025-12-31,675,145,122,134,T10,Prepaid Card Team,942,T10_I006,Prepaid card :: Unexpected or other fees,true,included
Prepaid card,Advertising,104,27,24,2,2024-01-08,2025-12-22,73,19,12,30,T10,Prepaid Card Team,104,T10_I001,Prepaid card :: Advertising,false,fewer_than_500_unique_narratives
Prepaid card,Problem with overdraft,28,17,19,2,2024-01-22,2025-12-30,22,3,3,7,T10,Prepaid Card Team,28,T10_I004,Prepaid card :: Problem with overdraft,false,fewer_than_500_unique_narratives
Debt or credit management,Didn't provide services promised,1168,263,24,1,2024-01-04,2025-12-31,888,145,135,203,T11,Debt & Credit Management Team,1168,T11_I004,Debt or credit management :: Didn't provide services promised,true,included
Debt or credit management,Charged upfront or unexpected fees,689,192,24,1,2024-01-03,2025-12-30,492,126,71,157,T11,Debt & Credit Management Team,688,T11_I001,Debt or credit management :: Charged upfront or unexpected fees,true,included
Debt or credit management,Confusing or missing disclosures,657,209,24,1,2024-01-03,2025-12-31,446,102,109,57,T11,Debt & Credit Management Team,654,T11_I003,Debt or credit management :: Confusing or missing disclosures,true,included
Debt or credit management,Problem with customer service,594,219,24,1,2024-01-08,2025-12-31,399,109,86,64,T11,Debt & Credit Management Team,593,T11_I005,Debt or credit management :: Problem with customer service,true,included
Debt or credit management,Confusing or misleading advertising or marketing,517,163,24,1,2024-01-02,2025-12-29,374,77,66,63,T11,Debt & Credit Management Team,517,T11_I002,Debt or credit management :: Confusing or misleading advertising or marketing,true,included
Debt or credit management,Unauthorized withdrawals or charges,464,180,24,1,2024-01-03,2025-12-31,322,71,71,33,T11,Debt & Credit Management Team,464,T11_I006,Debt or credit management :: Unauthorized withdrawals or charges,false,fewer_than_500_unique_narratives
