product_issue_id,product_issue_label,team_id,team_name,product,issue,records,template_families,companies,active_months,sub_issue_groups,before_july_2025,july_september_2025,october_december_2025
T01_I001,Credit reporting or other personal consumer reports :: Credit monitoring or identity theft protection services,T01,Credit Reporting Team,Credit reporting or other personal consumer reports,Credit monitoring or identity theft protection services,4016,3922,274,24,5,3199,548,269
T01_I003,Credit reporting or other personal consumer reports :: Identity theft protection or other monitoring services,T01,Credit Reporting Team,Credit reporting or other personal consumer reports,Identity theft protection or other monitoring services,522,519,120,24,5,411,68,43
T01_I004,Credit reporting or other personal consumer reports :: Improper use of your report,T01,Credit Reporting Team,Credit reporting or other personal consumer reports,Improper use of your report,182130,170716,1148,24,4,150316,19784,12030
T01_I005,Credit reporting or other personal consumer reports :: Incorrect information on your report,T01,Credit Reporting Team,Credit reporting or other personal consumer reports,Incorrect information on your report,324392,304699,1311,24,9,227024,60073,37295
T01_I007,Credit reporting or other personal consumer reports :: Problem with a company's investigation into an existing issue,T01,Credit Reporting Team,Credit reporting or other personal consumer reports,Problem with a company's investigation into an existing issue,1559,1558,183,24,5,1165,243,151
T01_I008,Credit reporting or other personal consumer reports :: Problem with a company's investigation into an existing problem,T01,Credit Reporting Team,Credit reporting or other personal consumer reports,Problem with a company's investigation into an existing problem,122715,114526,871,24,5,100575,13603,8537
T01_I010,Credit reporting or other personal consumer reports :: Problem with fraud alerts or security freezes,T01,Credit Reporting Team,Credit reporting or other personal consumer reports,Problem with fraud alerts or security freezes,4308,4188,196,24,1,3578,443,287
T01_I012,Credit reporting or other personal consumer reports :: Unable to get your credit report or credit score,T01,Credit Reporting Team,Credit reporting or other personal consumer reports,Unable to get your credit report or credit score,5466,5420,146,24,2,4554,590,322
T02_I001,Debt collection :: Attempts to collect debt not owed,T02,Debt Collection Team,Debt collection,Attempts to collect debt not owed,55929,55434,1634,24,4,39080,10058,6791
T02_I002,Debt collection :: Communication tactics,T02,Debt Collection Team,Debt collection,Communication tactics,8255,8240,942,24,5,5920,1327,1008
T02_I003,Debt collection :: Electronic communications,T02,Debt Collection Team,Debt collection,Electronic communications,3274,3268,483,24,4,2183,572,519
T02_I004,Debt collection :: False statements or representation,T02,Debt Collection Team,Debt collection,False statements or representation,18839,18601,1293,24,4,12102,3824,2913
T02_I005,Debt collection :: Threatened to contact someone or share information improperly,T02,Debt Collection Team,Debt collection,Threatened to contact someone or share information improperly,2092,2085,546,24,4,1428,356,308
T02_I006,Debt collection :: Took or threatened to take negative or legal action,T02,Debt Collection Team,Debt collection,Took or threatened to take negative or legal action,12327,12259,1297,24,8,8629,1912,1786
T02_I007,Debt collection :: Written notification about debt,T02,Debt Collection Team,Debt collection,Written notification about debt,22183,21903,1223,24,3,15978,3338,2867
T03_I001,"Credit card :: Advertising and marketing, including promotional offers",T03,Credit Card Team,Credit card,"Advertising and marketing, including promotional offers",3565,3563,113,24,2,2533,533,499
T03_I002,Credit card :: Closing your account,T03,Credit Card Team,Credit card,Closing your account,5981,5977,138,24,2,4235,905,841
T03_I004,Credit card :: Fees or interest,T03,Credit Card Team,Credit card,Fees or interest,8642,8637,142,24,3,6374,1122,1146
T03_I005,Credit card :: Getting a credit card,T03,Credit Card Team,Credit card,Getting a credit card,8256,8222,239,24,5,6039,1248,969
T03_I006,Credit card :: Improper use of your report,T03,Credit Card Team,Credit card,Improper use of your report,657,657,79,24,4,496,82,79
T03_I007,Credit card :: Incorrect information on your report,T03,Credit Card Team,Credit card,Incorrect information on your report,3538,3506,193,24,7,2151,729,658
T03_I008,"Credit card :: Other features, terms, or problems",T03,Credit Card Team,Credit card,"Other features, terms, or problems",8885,8882,202,24,9,6368,1314,1203
T03_I009,Credit card :: Problem when making payments,T03,Credit Card Team,Credit card,Problem when making payments,4566,4545,181,24,2,3451,606,509
T03_I010,Credit card :: Problem with a company's investigation into an existing problem,T03,Credit Card Team,Credit card,Problem with a company's investigation into an existing problem,2280,2271,98,24,5,1751,257,272
T03_I011,Credit card :: Problem with a purchase shown on your statement,T03,Credit Card Team,Credit card,Problem with a purchase shown on your statement,19297,19291,241,24,3,13313,3041,2943
T03_I013,Credit card :: Struggling to pay your bill,T03,Credit Card Team,Credit card,Struggling to pay your bill,987,986,85,24,3,667,179,141
T03_I014,Credit card :: Trouble using your card,T03,Credit Card Team,Credit card,Trouble using your card,3289,3288,112,24,3,2312,509,468
T04_I001,Checking or savings account :: Closing an account,T04,Banking Accounts Team,Checking or savings account,Closing an account,10634,10630,225,24,4,7554,1644,1436
T04_I005,Checking or savings account :: Managing an account,T04,Banking Accounts Team,Checking or savings account,Managing an account,41960,41894,319,24,11,29854,6334,5772
T04_I006,Checking or savings account :: Opening an account,T04,Banking Accounts Team,Checking or savings account,Opening an account,5608,5605,177,24,4,3882,1002,724
T04_I007,Checking or savings account :: Problem caused by your funds being low,T04,Banking Accounts Team,Checking or savings account,Problem caused by your funds being low,8145,7974,181,24,4,6726,740,679
T04_I009,Checking or savings account :: Problem with a lender or other company charging your account,T04,Banking Accounts Team,Checking or savings account,Problem with a lender or other company charging your account,9714,9713,292,24,3,6546,1612,1556
T05_I002,"Money transfer, virtual currency, or money service :: Confusing or missing disclosures",T05,Money Transfers & Digital Currency Team,"Money transfer, virtual currency, or money service",Confusing or missing disclosures,1379,1379,111,24,1,1094,149,136
T05_I003,"Money transfer, virtual currency, or money service :: Fraud or scam",T05,Money Transfers & Digital Currency Team,"Money transfer, virtual currency, or money service",Fraud or scam,10427,10418,324,24,1,7424,1627,1376
T05_I006,"Money transfer, virtual currency, or money service :: Managing, opening, or closing your mobile wallet account",T05,Money Transfers & Digital Currency Team,"Money transfer, virtual currency, or money service","Managing, opening, or closing your mobile wallet account",1381,1381,69,24,1,840,269,272
T05_I007,"Money transfer, virtual currency, or money service :: Money was not available when promised",T05,Money Transfers & Digital Currency Team,"Money transfer, virtual currency, or money service",Money was not available when promised,2604,2595,150,24,1,1802,409,393
T05_I008,"Money transfer, virtual currency, or money service :: Other service problem",T05,Money Transfers & Digital Currency Team,"Money transfer, virtual currency, or money service",Other service problem,1311,1305,93,24,1,1012,165,134
T05_I009,"Money transfer, virtual currency, or money service :: Other transaction problem",T05,Money Transfers & Digital Currency Team,"Money transfer, virtual currency, or money service",Other transaction problem,22283,20356,249,24,1,19935,935,1413
T05_I012,"Money transfer, virtual currency, or money service :: Problem with customer service",T05,Money Transfers & Digital Currency Team,"Money transfer, virtual currency, or money service",Problem with customer service,582,582,96,24,1,384,110,88
T05_I013,"Money transfer, virtual currency, or money service :: Trouble accessing funds in your mobile or digital wallet",T05,Money Transfers & Digital Currency Team,"Money transfer, virtual currency, or money service",Trouble accessing funds in your mobile or digital wallet,2995,2994,99,24,1,1824,640,531
T05_I014,"Money transfer, virtual currency, or money service :: Unauthorized transactions or other transaction problem",T05,Money Transfers & Digital Currency Team,"Money transfer, virtual currency, or money service",Unauthorized transactions or other transaction problem,4553,4552,122,24,1,2963,787,803
T05_I015,"Money transfer, virtual currency, or money service :: Unexpected or other fees",T05,Money Transfers & Digital Currency Team,"Money transfer, virtual currency, or money service",Unexpected or other fees,649,649,118,24,1,452,94,103
T06_I001,Mortgage :: Applying for a mortgage or refinancing an existing mortgage,T06,Mortgage Team,Mortgage,Applying for a mortgage or refinancing an existing mortgage,2779,2779,409,24,8,1954,436,389
T06_I002,Mortgage :: Closing on a mortgage,T06,Mortgage Team,Mortgage,Closing on a mortgage,2166,2166,378,24,6,1456,397,313
T06_I005,Mortgage :: Incorrect information on your report,T06,Mortgage Team,Mortgage,Incorrect information on your report,629,628,119,24,7,426,104,99
T06_I008,Mortgage :: Struggling to pay mortgage,T06,Mortgage Team,Mortgage,Struggling to pay mortgage,5833,5832,296,24,4,4135,875,823
T06_I009,Mortgage :: Trouble during payment process,T06,Mortgage Team,Mortgage,Trouble during payment process,14234,14229,415,24,9,10651,1840,1743
T07_I002,Student loan :: Dealing with your lender or servicer,T07,Student Loan Team,Student loan,Dealing with your lender or servicer,12177,12170,123,24,7,9890,1303,984
T07_I004,Student loan :: Improper use of your report,T07,Student Loan Team,Student loan,Improper use of your report,657,657,27,24,4,571,56,30
T07_I005,Student loan :: Incorrect information on your report,T07,Student Loan Team,Student loan,Incorrect information on your report,1051,1049,45,24,7,714,178,159
T07_I010,Student loan :: Struggling to repay your loan,T07,Student Loan Team,Student loan,Struggling to repay your loan,3620,3615,84,24,6,2851,425,344
T08_I002,Vehicle loan or lease :: Getting a loan or lease,T08,Vehicle Finance Team,Vehicle loan or lease,Getting a loan or lease,2473,2467,207,24,9,1711,414,348
T08_I004,Vehicle loan or lease :: Incorrect information on your report,T08,Vehicle Finance Team,Vehicle loan or lease,Incorrect information on your report,1144,1143,135,24,7,782,187,175
T08_I005,Vehicle loan or lease :: Managing the loan or lease,T08,Vehicle Finance Team,Vehicle loan or lease,Managing the loan or lease,5918,5918,306,24,5,3968,1024,926
T08_I008,Vehicle loan or lease :: Problems at the end of the loan or lease,T08,Vehicle Finance Team,Vehicle loan or lease,Problems at the end of the loan or lease,2781,2781,201,24,8,1887,485,409
T08_I009,Vehicle loan or lease :: Repossession,T08,Vehicle Finance Team,Vehicle loan or lease,Repossession,5009,4999,330,24,9,3294,857,858
T08_I010,Vehicle loan or lease :: Struggling to pay your loan,T08,Vehicle Finance Team,Vehicle loan or lease,Struggling to pay your loan,949,949,126,24,2,647,161,141
T09_I003,"Payday loan, title loan, personal loan, or advance loan :: Charged fees or interest you didn't expect",T09,Personal & Short-Term Loans Team,"Payday loan, title loan, personal loan, or advance loan",Charged fees or interest you didn't expect,3469,3469,346,24,1,2255,664,550
T09_I009,"Payday loan, title loan, personal loan, or advance loan :: Getting the loan",T09,Personal & Short-Term Loans Team,"Payday loan, title loan, personal loan, or advance loan",Getting the loan,999,999,204,24,1,645,182,172
T09_I011,"Payday loan, title loan, personal loan, or advance loan :: Incorrect information on your report",T09,Personal & Short-Term Loans Team,"Payday loan, title loan, personal loan, or advance loan",Incorrect information on your report,578,576,158,24,7,388,96,94
T09_I016,"Payday loan, title loan, personal loan, or advance loan :: Problem when making payments",T09,Personal & Short-Term Loans Team,"Payday loan, title loan, personal loan, or advance loan",Problem when making payments,1520,1519,245,24,1,996,271,253
T09_I018,"Payday loan, title loan, personal loan, or advance loan :: Problem with additional add-on products or services",T09,Personal & Short-Term Loans Team,"Payday loan, title loan, personal loan, or advance loan",Problem with additional add-on products or services,1033,1033,176,24,1,684,180,169
T09_I021,"Payday loan, title loan, personal loan, or advance loan :: Problem with the payoff process at the end of the loan",T09,Personal & Short-Term Loans Team,"Payday loan, title loan, personal loan, or advance loan",Problem with the payoff process at the end of the loan,1067,1067,239,24,1,705,180,182
T09_I026,"Payday loan, title loan, personal loan, or advance loan :: Struggling to pay your loan",T09,Personal & Short-Term Loans Team,"Payday loan, title loan, personal loan, or advance loan",Struggling to pay your loan,1386,1384,276,24,1,930,236,220
T10_I002,Prepaid card :: Problem getting a card or closing an account,T10,Prepaid Card Team,Prepaid card,Problem getting a card or closing an account,999,999,67,24,4,674,172,153
T10_I003,Prepaid card :: Problem with a purchase or transfer,T10,Prepaid Card Team,Prepaid card,Problem with a purchase or transfer,1992,1991,86,24,3,1402,330,260
T10_I005,Prepaid card :: Trouble using the card,T10,Prepaid Card Team,Prepaid card,Trouble using the card,3410,3405,81,24,8,2710,379,321
T10_I006,Prepaid card :: Unexpected or other fees,T10,Prepaid Card Team,Prepaid card,Unexpected or other fees,942,942,76,24,1,675,145,122
T11_I001,Debt or credit management :: Charged upfront or unexpected fees,T11,Debt & Credit Management Team,Debt or credit management,Charged upfront or unexpected fees,689,688,192,24,1,492,126,71
T11_I002,Debt or credit management :: Confusing or misleading advertising or marketing,T11,Debt & Credit Management Team,Debt or credit management,Confusing or misleading advertising or marketing,517,517,163,24,1,374,77,66
T11_I003,Debt or credit management :: Confusing or missing disclosures,T11,Debt & Credit Management Team,Debt or credit management,Confusing or missing disclosures,657,654,209,24,1,446,102,109
T11_I004,Debt or credit management :: Didn't provide services promised,T11,Debt & Credit Management Team,Debt or credit management,Didn't provide services promised,1168,1168,263,24,1,888,145,135
T11_I005,Debt or credit management :: Problem with customer service,T11,Debt & Credit Management Team,Debt or credit management,Problem with customer service,594,593,219,24,1,399,109,86
