threshold,coverage,precision,n_routed,split
0.0,1.0,0.8502364790035309,153502,validation
0.002,1.0,0.8502364790035309,153502,validation
0.004,1.0,0.8502364790035309,153502,validation
0.006,1.0,0.8502364790035309,153502,validation
0.008,1.0,0.8502364790035309,153502,validation
0.01,1.0,0.8502364790035309,153502,validation
0.012,1.0,0.8502364790035309,153502,validation
0.014,1.0,0.8502364790035309,153502,validation
0.016,1.0,0.8502364790035309,153502,validation
0.018,1.0,0.8502364790035309,153502,validation
0.02,1.0,0.8502364790035309,153502,validation
0.022,1.0,0.8502364790035309,153502,validation
0.024,1.0,0.8502364790035309,153502,validation
0.026,1.0,0.8502364790035309,153502,validation
0.028,1.0,0.8502364790035309,153502,validation
0.03,1.0,0.8502364790035309,153502,validation
0.032,1.0,0.8502364790035309,153502,validation
0.034,1.0,0.8502364790035309,153502,validation
0.036,1.0,0.8502364790035309,153502,validation
0.038,1.0,0.8502364790035309,153502,validation
0.04,1.0,0.8502364790035309,153502,validation
0.042,1.0,0.8502364790035309,153502,validation
0.044,1.0,0.8502364790035309,153502,validation
0.046,1.0,0.8502364790035309,153502,validation
0.048,1.0,0.8502364790035309,153502,validation
0.05,1.0,0.8502364790035309,153502,validation
0.052,1.0,0.8502364790035309,153502,validation
0.054,1.0,0.8502364790035309,153502,validation
0.056,1.0,0.8502364790035309,153502,validation
0.058,1.0,0.8502364790035309,153502,validation
0.06,1.0,0.8502364790035309,153502,validation
0.062,1.0,0.8502364790035309,153502,validation
0.064,1.0,0.8502364790035309,153502,validation
0.066,1.0,0.8502364790035309,153502,validation
0.068,1.0,0.8502364790035309,153502,validation
0.07,1.0,0.8502364790035309,153502,validation
0.072,1.0,0.8502364790035309,153502,validation
0.074,1.0,0.8502364790035309,153502,validation
0.076,1.0,0.8502364790035309,153502,validation
0.078,1.0,0.8502364790035309,153502,validation
0.08,1.0,0.8502364790035309,153502,validation
0.082,1.0,0.8502364790035309,153502,validation
0.084,1.0,0.8502364790035309,153502,validation
0.086,1.0,0.8502364790035309,153502,validation
0.088,1.0,0.8502364790035309,153502,validation
0.09,1.0,0.8502364790035309,153502,validation
0.092,1.0,0.8502364790035309,153502,validation
0.094,1.0,0.8502364790035309,153502,validation
0.096,1.0,0.8502364790035309,153502,validation
0.098,1.0,0.8502364790035309,153502,validation
0.1,1.0,0.8502364790035309,153502,validation
0.102,1.0,0.8502364790035309,153502,validation
0.104,1.0,0.8502364790035309,153502,validation
0.106,1.0,0.8502364790035309,153502,validation
0.108,1.0,0.8502364790035309,153502,validation
0.11,1.0,0.8502364790035309,153502,validation
0.112,1.0,0.8502364790035309,153502,validation
0.114,1.0,0.8502364790035309,153502,validation
0.116,1.0,0.8502364790035309,153502,validation
0.118,1.0,0.8502364790035309,153502,validation
0.12,1.0,0.8502364790035309,153502,validation
0.122,1.0,0.8502364790035309,153502,validation
0.124,1.0,0.8502364790035309,153502,validation
0.126,1.0,0.8502364790035309,153502,validation
0.128,1.0,0.8502364790035309,153502,validation
0.13,1.0,0.8502364790035309,153502,validation
0.132,1.0,0.8502364790035309,153502,validation
0.134,1.0,0.8502364790035309,153502,validation
0.136,1.0,0.8502364790035309,153502,validation
0.138,1.0,0.8502364790035309,153502,validation
0.14,1.0,0.8502364790035309,153502,validation
0.142,1.0,0.8502364790035309,153502,validation
0.144,1.0,0.8502364790035309,153502,validation
0.146,1.0,0.8502364790035309,153502,validation
0.148,1.0,0.8502364790035309,153502,validation
0.15,1.0,0.8502364790035309,153502,validation
0.152,1.0,0.8502364790035309,153502,validation
0.154,1.0,0.8502364790035309,153502,validation
0.156,1.0,0.8502364790035309,153502,validation
0.158,1.0,0.8502364790035309,153502,validation
0.16,1.0,0.8502364790035309,153502,validation
0.162,1.0,0.8502364790035309,153502,validation
0.164,1.0,0.8502364790035309,153502,validation
0.166,1.0,0.8502364790035309,153502,validation
0.168,1.0,0.8502364790035309,153502,validation
0.17,1.0,0.8502364790035309,153502,validation
0.172,1.0,0.8502364790035309,153502,validation
0.174,1.0,0.8502364790035309,153502,validation
0.176,1.0,0.8502364790035309,153502,validation
0.178,1.0,0.8502364790035309,153502,validation
0.18,1.0,0.8502364790035309,153502,validation
0.182,1.0,0.8502364790035309,153502,validation
0.184,1.0,0.8502364790035309,153502,validation
0.186,1.0,0.8502364790035309,153502,validation
0.188,1.0,0.8502364790035309,153502,validation
0.19,1.0,0.8502364790035309,153502,validation
0.192,1.0,0.8502364790035309,153502,validation
0.194,0.9999934854269,0.8502420179673097,153501,validation
0.196,0.9999934854269,0.8502420179673097,153501,validation
0.198,0.9999869708538,0.8502410423452769,153500,validation
0.2,0.9999739417075999,0.8502390910630757,153498,validation
0.202,0.9999739417075999,0.8502390910630757,153498,validation
0.204,0.9999739417075999,0.8502390910630757,153498,validation
0.206,0.9999739417075999,0.8502390910630757,153498,validation
0.208,0.9999739417075999,0.8502390910630757,153498,validation
0.21,0.9999739417075999,0.8502390910630757,153498,validation
0.212,0.9999739417075999,0.8502390910630757,153498,validation
0.214,0.9999739417075999,0.8502390910630757,153498,validation
0.216,0.9999674271344999,0.8502446301882122,153497,validation
0.218,0.9999674271344999,0.8502446301882122,153497,validation
0.22,0.9999609125613999,0.8502501693855214,153496,validation
0.222,0.9999609125613999,0.8502501693855214,153496,validation
0.224,0.9999609125613999,0.8502501693855214,153496,validation
0.226,0.9999543979882999,0.850255708655005,153495,validation
0.228,0.9999543979882999,0.850255708655005,153495,validation
0.23,0.9999478834151998,0.8502612479966644,153494,validation
0.232,0.9999413688420998,0.8502602724554215,153493,validation
0.234,0.9999283396958998,0.8502648363747711,153491,validation
0.236,0.9998957668303996,0.8502860195718176,153486,validation
0.238,0.9998827376841996,0.8502970993719215,153484,validation
0.24,0.9998762231110996,0.8502961240007036,153483,validation
0.242,0.9998631939648995,0.8503072041490478,153481,validation
0.244,0.9998566793917995,0.8503127443315089,153480,validation
0.246,0.9998566793917995,0.8503127443315089,153480,validation
0.248,0.9998241065262994,0.8503404463267633,153475,validation
0.25,0.9998045628069993,0.8503570683903253,153472,validation
0.252,0.9997915336607992,0.8503681501270607,153470,validation
0.254,0.9997589607952991,0.8503958557325775,153465,validation
0.256,0.999726387929799,0.8504235631434902,153460,validation
0.258,0.9996938150642989,0.8504512723599752,153455,validation
0.26,0.9996612421987987,0.8504724666014989,153450,validation
0.262,0.9996286693332986,0.8504871452311903,153445,validation
0.264,0.9995960964677985,0.8505083420229406,153440,validation
0.266,0.9995570090291983,0.8505416009489423,153434,validation
0.268,0.9995179215905982,0.8505618270459108,153428,validation
0.27,0.9994918632981981,0.8505774846177913,153424,validation
0.272,0.9994527758595979,0.8506042315764774,153418,validation
0.274,0.9994267175671978,0.850626409584523,153414,validation
0.276,0.9993811155554977,0.85066522388157,153407,validation
0.278,0.9993420281168975,0.8506854583738046,153401,validation
0.28,0.9992899115320973,0.850716786294029,153393,validation
0.282,0.9992573386665972,0.850731478342504,153388,validation
0.284,0.999218251227997,0.8507582376028477,153382,validation
0.286,0.9991856783624969,0.8507859718210683,153377,validation
0.288,0.9991270472045967,0.8508228574409264,153368,validation
0.29,0.9990814451928965,0.8508356100964392,153361,validation
0.292,0.9990293286080963,0.8508734749238684,153353,validation
0.294,0.9989902411694962,0.8509067670055495,153347,validation
0.296,0.998951153730896,0.8509400616925675,153341,validation
0.298,0.9988990371460958,0.8509779369085585,153333,validation
0.3,0.9988273768419955,0.8510063787323411,153322,validation
0.302,0.9987687456840953,0.8510367679192241,153313,validation
0.304,0.998677541660695,0.8510818726801871,153299,validation
0.306,0.9985798230641946,0.8511325382949296,153284,validation
0.308,0.9985146773331943,0.8511750198990043,153274,validation
0.31,0.998436502455994,0.8512090407276428,153262,validation
0.312,0.9983452984325937,0.8512476508665692,153248,validation
0.314,0.9982540944091933,0.8513123719279011,153234,validation
0.316,0.998162890385793,0.8513640516903799,153220,validation
0.318,0.9980651717892927,0.851408243856271,153205,validation
0.32,0.9979348803272922,0.8514671802069393,153185,validation
0.322,0.9978567054500919,0.8515012436917734,153173,validation
0.324,0.9977068702687912,0.8515768854064643,153150,validation
0.326,0.9975179476488906,0.8516793908085762,153121,validation
0.328,0.9974006853330901,0.8517533947734531,153103,validation
0.33,0.9972899375903898,0.8518022549416667,153086,validation
0.332,0.9971270732628891,0.8519021827898681,153061,validation
0.334,0.9970358692394887,0.8519474409821819,153047,validation
0.336,0.9968990632043883,0.852031680890829,153026,validation
0.338,0.9967687717423878,0.8520842319909023,153006,validation
0.34,0.9966189365610871,0.8521796539484779,152983,validation
0.342,0.9964886450990866,0.8522453142263162,152963,validation
0.344,0.9962606350405858,0.8523292006695962,152928,validation
0.346,0.9960261104089849,0.8524252413468331,152892,validation
0.348,0.9958567315083843,0.8525113498096372,152866,validation
0.35,0.9956743234615836,0.8526151873225245,152838,validation
0.352,0.9954658571223828,0.852728296009319,152806,validation
0.354,0.9952313324907819,0.8528441447928258,152770,validation
0.356,0.994977264139881,0.8529768023518474,152731,validation
0.358,0.9946841083503798,0.8531757986979814,152686,validation
0.36,0.994462612864979,0.8532741136703089,152652,validation
0.362,0.9942411173795781,0.853398681675818,152618,validation
0.364,0.9940391656134774,0.8535196314233847,152587,validation
0.366,0.9937981264087764,0.8536610947230416,152550,validation
0.368,0.9935114851923753,0.8538155875834393,152506,validation
0.37,0.9932378731221743,0.8539392905866303,152464,validation
0.372,0.9929186590402731,0.8541219696224125,152415,validation
0.374,0.9926255032507719,0.8542363982411236,152370,validation
0.376,0.9923909786191711,0.8543332414300157,152334,validation
0.378,0.9920196479524697,0.8545610958976076,152277,validation
0.38,0.9917004338705685,0.8547376303965105,152228,validation
0.382,0.9914137926541674,0.8548336224570257,152184,validation
0.384,0.9911466951570663,0.8549325305797835,152143,validation
0.386,0.9908274810751652,0.8551093402764081,152094,validation
0.388,0.9904887232739639,0.855283408531853,152042,validation
0.39,0.9902020820575628,0.8553928341162383,151998,validation
0.392,0.9898307513908614,0.855562356440987,151941,validation
0.394,0.9893617021276596,0.8558033568404348,151869,validation
0.396,0.9889968860340582,0.8560070613188594,151813,validation
0.398,0.988677671952157,0.8561450673413985,151764,validation
0.4,0.9882933121392555,0.8563000560297946,151705,validation
0.402,0.987889408607054,0.8564787032701806,151643,validation
0.404,0.9875180779403526,0.8567084031506867,151586,validation
0.406,0.9870620578233509,0.856919401251353,151516,validation
0.408,0.9866581542911493,0.8570787169701691,151454,validation
0.41,0.9861956196010475,0.8572560987693466,151383,validation
0.412,0.9857265703378457,0.8574591404458367,151311,validation
0.414,0.9853552396711444,0.8575707088738149,151254,validation
0.416,0.9849773944313429,0.8577409455276594,151196,validation
0.418,0.9846451512032417,0.8578649641073142,151145,validation
0.42,0.9841565582207398,0.8581386112398226,151070,validation
0.422,0.9836940235306381,0.8583964132212796,150999,validation
0.424,0.9831533139633359,0.8586564711495136,150916,validation
0.426,0.9828080415890347,0.8587924143096717,150863,validation
0.428,0.9824692837878334,0.8589691733361625,150811,validation
0.43,0.9818634284895311,0.859280245226184,150718,validation
0.432,0.9813683209339292,0.8595677168385975,150642,validation
0.434,0.9808145822204271,0.859867027106013,150557,validation
0.436,0.9803846203958254,0.8600447867314325,150491,validation
0.438,0.9798960274133236,0.8602276353579407,150416,validation
0.44,0.9792315409571211,0.8604853839296406,150314,validation
0.442,0.9786322002319188,0.8607460957782482,150222,validation
0.444,0.9780328595067165,0.8609538400053287,150130,validation
0.446,0.9775116936587146,0.8611662779073642,150050,validation
0.448,0.9768797800680121,0.8614232459503978,149953,validation
0.45,0.9762804393428098,0.8616784887328924,149861,validation
0.452,0.9757657880679079,0.8618859409007757,149782,validation
0.454,0.9751990202082057,0.8621396840241825,149695,validation
0.456,0.9745866503368035,0.862427390191242,149601,validation
0.458,0.9738179307110005,0.8628071419492518,149483,validation
0.46,0.973159958827898,0.8630223186193785,149382,validation
0.462,0.9724889577985955,0.863309641677664,149279,validation
0.464,0.9718049276230929,0.8635888291525333,149174,validation
0.466,0.9711860431785905,0.8637903393502774,149079,validation
0.468,0.9704759547106878,0.8640061757400819,148970,validation
0.47,0.9695639144766843,0.8643418665591615,148830,validation
0.472,0.9688603405818816,0.8645997229730639,148722,validation
0.474,0.9680460189443786,0.8649636264527548,148597,validation
0.476,0.9671795807220753,0.865293943312857,148464,validation
0.478,0.9663652590845722,0.865672547340888,148339,validation
0.48,0.965544422873969,0.8659699216667903,148213,validation
0.482,0.9646975283709659,0.8663249664039762,148083,validation
0.484,0.9637464006983623,0.8667270527319062,147937,validation
0.486,0.9628213313181587,0.8670726343922325,147795,validation
0.488,0.9618832327917551,0.8675186757963035,147651,validation
0.49,0.960788784510951,0.867998345572032,147483,validation
0.492,0.9595835884874464,0.8685386088066369,147298,validation
0.494,0.958417479902542,0.8689292341573828,147119,validation
0.496,0.957101536136337,0.869450097674197,146917,validation
0.498,0.9554989511537308,0.8700220220766205,146671,validation
0.5,0.9538116767208245,0.8706799989071934,146412,validation
0.502,0.9520462274107178,0.871275001539609,146141,validation
0.504,0.9503524384047113,0.8718338920078694,145881,validation
0.506,0.9484762413519042,0.8725625545184178,145593,validation
0.508,0.9467824523458978,0.8732153055396916,145333,validation
0.51,0.9451212362053915,0.8738747432415666,145078,validation
0.512,0.9434795637841852,0.8745460069324569,144826,validation
0.514,0.9420268139828797,0.8749541849062605,144603,validation
0.516,0.9404307435733736,0.8755247371119024,144358,validation
0.518,0.9387564982866673,0.8760730321094232,144101,validation
0.52,0.9373819233625621,0.8765862811870179,143890,validation
0.522,0.9358314549647562,0.8771127446885529,143652,validation
0.524,0.9342484137014502,0.8776715547838699,143409,validation
0.526,0.9325546246954437,0.8783225869548512,143149,validation
0.528,0.9306849422157366,0.8790161134521426,142862,validation
0.53,0.9289846386366302,0.8796151499638852,142601,validation
0.532,0.9274146265195242,0.8801699915706659,142360,validation
0.534,0.9259097601334184,0.8807280709777737,142129,validation
0.536,0.9244895831976131,0.8813340755825835,141911,validation
0.538,0.9227762504723066,0.8818691404043827,141648,validation
0.54,0.9210498886008,0.8824540432725292,141383,validation
0.542,0.9193560995947936,0.8830523727528468,141123,validation
0.544,0.9175320191267866,0.8837641913336126,140843,validation
0.546,0.9161118421909812,0.8841742222222222,140625,validation
0.548,0.914476684342875,0.8847934802741249,140374,validation
0.55,0.9128610702140689,0.8853603185704295,140126,validation
0.552,0.911069562611562,0.8860430029102402,139851,validation
0.554,0.9094930359213561,0.8865474288906876,139609,validation
0.556,0.9079165092311501,0.8870751325636629,139367,validation
0.558,0.9061901473596435,0.8876076548144527,139102,validation
0.56,0.9043856106109367,0.8882838105528543,138825,validation
0.562,0.9027699964821305,0.8888415826580168,138577,validation
0.564,0.9008807702831233,0.8894690028708411,138287,validation
0.566,0.8992781853005173,0.8901268463717301,138041,validation
0.568,0.8975387942828107,0.8907123259831318,137774,validation
0.57,0.8960078696043048,0.8912090388907873,137539,validation
0.572,0.8948222173001004,0.891647313205734,137357,validation
0.574,0.8932912926215945,0.8921690173713919,137122,validation
0.576,0.8916691639196883,0.8927545973274496,136873,validation
0.578,0.8902750452762831,0.893223278379031,136659,validation
0.58,0.8885030813930763,0.8938461876865097,136387,validation
0.582,0.8867311175098695,0.8943319986775888,136115,validation
0.584,0.884985211919063,0.8948154909567381,135847,validation
0.586,0.883180675170356,0.8954783506675518,135570,validation
0.588,0.8814477987257495,0.8960562880624372,135304,validation
0.59,0.8798191554507433,0.89659691678884,135054,validation
0.592,0.878144910164037,0.8971045349673954,134797,validation
0.594,0.8766205000586311,0.8976315926369062,134563,validation
0.596,0.8750635170877252,0.8980450254608261,134324,validation
0.598,0.8735065341168193,0.898519595778797,134085,validation
0.6,0.8718713762687131,0.8989942764917734,133834,validation
0.602,0.8701775872627067,0.8995612918681779,133574,validation
0.604,0.8685750022801005,0.9000810032401296,133328,validation
0.606,0.8669072715664943,0.9006402548996032,133072,validation
0.608,0.865265599145288,0.9011067610299653,132820,validation
0.61,0.863702101601282,0.9017046311660883,132580,validation
0.612,0.8619366522911753,0.90219108299511,132309,validation
0.614,0.8600930281038683,0.9027464287337342,132026,validation
0.616,0.8582819767820614,0.9032622886115919,131748,validation
0.618,0.8567445375304557,0.9036513778210353,131512,validation
0.62,0.8552005837057498,0.9040563702151971,131275,validation
0.622,0.8534025615301429,0.9045412560401225,130999,validation
0.624,0.8516631705124363,0.9050576752440106,130732,validation
0.626,0.8497609151672291,0.9056041091689666,130440,validation
0.628,0.8480410678688226,0.9060349065880039,130176,validation
0.63,0.8465101431903167,0.9066037663247166,129941,validation
0.632,0.8447512084533101,0.9071264970579389,129671,validation
0.634,0.8429401571315032,0.9076688847155565,129393,validation
0.636,0.8411030475172961,0.9082572360217177,129111,validation
0.638,0.8393701710726896,0.908735302107183,128845,validation
0.64,0.8374614011543824,0.9093129628477192,128552,validation
0.642,0.8357676121483759,0.9098696723100427,128292,validation
0.644,0.8341324543002697,0.9102162588545857,128041,validation
0.646,0.8326080441948639,0.9105839273279241,127807,validation
0.648,0.8309728863467577,0.9110194737997429,127556,validation
0.65,0.8294093888027517,0.9114486788777529,127316,validation
0.652,0.8274419877265443,0.9118601099091439,127014,validation
0.654,0.8257286550012378,0.9122926051865469,126751,validation
0.656,0.8241847011765319,0.9127053132459648,126514,validation
0.658,0.8224648538781254,0.9131168316831683,126250,validation
0.66,0.8208166668838192,0.9135058771240585,125997,validation
0.662,0.8191945381819129,0.913994655978624,125748,validation
0.664,0.8175984677724069,0.9144482602009514,125503,validation
0.666,0.8157352998657998,0.9149157063338045,125217,validation
0.668,0.8140480254328933,0.91528353526785,124958,validation
0.67,0.8123216635613868,0.915640813838788,124693,validation
0.672,0.8104910685202799,0.9160772272771115,124412,validation
0.674,0.8087125900639731,0.9164887746799958,124139,validation
0.676,0.8067386744146656,0.9169466068025452,123836,validation
0.678,0.8048755065080585,0.917377579927155,123550,validation
0.68,0.8029862803090514,0.9177592081778355,123260,validation
0.682,0.8011556852679443,0.9181892843493604,122979,validation
0.684,0.7993120610806373,0.9186689052617852,122696,validation
0.686,0.7973446600044299,0.9190156380214717,122394,validation
0.688,0.7954880066709229,0.9195063426938227,122109,validation
0.69,0.7935271201678155,0.9200791409431236,121808,validation
0.692,0.791852874881109,0.9205107321206736,121551,validation
0.694,0.7900613672786022,0.9209076816517695,121276,validation
0.696,0.7880874516292947,0.9214122159490135,120973,validation
0.698,0.7859897590910868,0.9217495089141408,120651,validation
0.7,0.7841396203306797,0.9222128988842457,120367,validation
0.702,0.7821917629737724,0.9225772062497918,120068,validation
0.704,0.7800940704355643,0.923053797204082,119746,validation
0.706,0.7781071256400568,0.9234768630537252,119441,validation
0.708,0.7762244140141497,0.9239290989660266,119152,validation
0.71,0.7742504983648422,0.9244335248929314,118849,validation
0.712,0.7724003596044351,0.9247838738244845,118565,validation
0.714,0.7703547836510274,0.9252522177402305,118251,validation
0.716,0.7683092076976196,0.9257315346328973,117937,validation
0.718,0.7664264960717124,0.9262375900992792,117648,validation
0.72,0.7644460658493049,0.9266600763566949,117344,validation
0.722,0.7624851793461974,0.92706099467717,117043,validation
0.724,0.7606806425974906,0.9274703252659164,116766,validation
0.726,0.758693697801983,0.9278814367041327,116461,validation
0.728,0.7566025198368751,0.9283364904425693,116140,validation
0.73,0.7546937499185679,0.9287853807176707,115847,validation
0.732,0.7526416593920601,0.9292317280060935,115532,validation
0.734,0.7504853356959519,0.9296794298660602,115201,validation
0.736,0.7483159828536436,0.9301981404742835,114868,validation
0.738,0.7460163385493349,0.9305593153735319,114515,validation
0.74,0.7434821696134253,0.9311112279410476,114126,validation
0.742,0.7411694961629165,0.9315994409823242,113771,validation
0.744,0.7388177352738075,0.9320253945860153,113410,validation
0.746,0.7366548970045993,0.9324271741629672,113078,validation
0.748,0.7345572044663913,0.9328372769520026,112756,validation
0.75,0.7322575601620825,0.9333647678442746,112403,validation
0.752,0.7298797409805735,0.9338974276584731,112038,validation
0.754,0.7270849891206629,0.934431811054664,111609,validation
0.756,0.724472645307553,0.9348158405870082,111208,validation
0.758,0.7211632421727404,0.935293586269196,110700,validation
0.76,0.7188440541491317,0.9358098310737331,110344,validation
0.762,0.7163685163711222,0.9363791786402823,109964,validation
0.764,0.713919036885513,0.9368544001168011,109588,validation
0.766,0.7116845383122044,0.9372785939859948,109245,validation
0.768,0.7091764276686948,0.9379478228917876,108860,validation
0.77,0.706850725071986,0.9384993963300554,108503,validation
0.772,0.7045119933290771,0.9390534842432312,108144,validation
0.774,0.7022579510364686,0.9394237369895545,107798,validation
0.776,0.6998866464280595,0.9398514436770482,107434,validation
0.778,0.6974306523693502,0.9403028293339062,107057,validation
0.78,0.6948899688603406,0.9407595601263746,106667,validation
0.782,0.6923036833396308,0.9413475110567423,106270,validation
0.784,0.6897173978189209,0.9416376224344262,105873,validation
0.786,0.6867402379122096,0.9422099112089246,105416,validation
0.788,0.683958515198499,0.9427082837249616,104989,validation
0.79,0.6810334718765879,0.9431605127224029,104540,validation
0.792,0.6782582637359774,0.9437251474345429,104114,validation
0.794,0.6753853369988665,0.9441513219449615,103673,validation
0.796,0.6727925369050566,0.944720406681191,103275,validation
0.798,0.6698740081562455,0.9451992181041944,102827,validation
0.8,0.6667339839220335,0.9457032585861547,102345,validation
0.802,0.6635809305416216,0.9461619265469611,101861,validation
0.804,0.6605125666115099,0.9466515435447282,101390,validation
0.806,0.6577503876170995,0.9470613870015648,100966,validation
0.808,0.6545777905173874,0.9475810865952089,100479,validation
0.81,0.651555028598976,0.948147777833325,100015,validation
0.812,0.6485974124115647,0.9485842850111992,99561,validation
0.814,0.6454769318966528,0.9490926707171837,99082,validation
0.816,0.6423955388203411,0.9495887799288097,98609,validation
0.818,0.6392490000130292,0.9500540121884108,98126,validation
0.82,0.6363630441297182,0.9503393630416757,97683,validation
0.822,0.6331774178838061,0.9507994320637077,97194,validation
0.824,0.6302002579770948,0.9510528546471361,96737,validation
0.826,0.6272230980703835,0.9512879102617366,96280,validation
0.828,0.6243175984677725,0.9516977273201578,95834,validation
0.83,0.621301351122461,0.9522706063688123,95371,validation
0.832,0.6185717449935506,0.9527340129749768,94952,validation
0.834,0.6157509348412399,0.9532369153291931,94519,validation
0.836,0.61316464932053,0.9536240198890801,94122,validation
0.838,0.6104089848992196,0.954097695813189,93699,validation
0.84,0.6077380099282094,0.9544533653485405,93289,validation
0.842,0.6049497726413988,0.9550080227436707,92861,validation
0.844,0.6024612057171893,0.9553952789281891,92479,validation
0.846,0.5995296478221782,0.9559486683545404,92029,validation
0.848,0.5965003713306667,0.9564676073566031,91564,validation
0.85,0.5932952013654545,0.9569132115249473,91072,validation
0.852,0.5899141379265417,0.957439289697746,90553,validation
0.854,0.5863441518677281,0.9579134492528193,90005,validation
0.856,0.5825526703235137,0.9584782438522528,89423,validation
0.858,0.5789566259723,0.958794207334226,88871,validation
0.86,0.5751195424163854,0.9592895493985184,88282,validation
0.862,0.57104793422887,0.9597978484319564,87657,validation
0.864,0.5669893551875546,0.9606016039708619,87034,validation
0.866,0.562891688707639,0.960997627452115,86405,validation
0.868,0.5589959739938242,0.9616581397788059,85807,validation
0.87,0.5548201326367083,0.9622971608388324,85166,validation
0.872,0.5506442912795925,0.9627920733510795,84525,validation
0.874,0.5462599835832758,0.9632328388112389,83852,validation
0.876,0.5417128115594585,0.9636938692065324,83154,validation
0.878,0.5373415330093418,0.9642471782064183,82483,validation
0.88,0.5328464775703248,0.9648625187974521,81793,validation
0.882,0.5278628291488059,0.9654317026213161,81028,validation
0.884,0.5232179385284882,0.9660586440889,80315,validation
0.886,0.5187293976625712,0.9665184738653204,79626,validation
0.888,0.5138434678375526,0.9670495461230285,78876,validation
0.89,0.5089835963049342,0.9676948675284782,78130,validation
0.892,0.5035048403278133,0.9681455317056761,77289,validation
0.894,0.4981238029471929,0.9688215215202124,76463,validation
0.896,0.4921564539875702,0.9695686129164626,75547,validation
0.898,0.4865539211215489,0.9703428976930389,74687,validation
0.9,0.4811728837409285,0.9707694182315431,73861,validation
0.902,0.47590259410300845,0.9712944204128566,73052,validation
0.904,0.47101014970488986,0.9717846226193275,72301,validation
0.906,0.46605907414887104,0.9722816287164003,71541,validation
0.908,0.4614532709671535,0.9727531976169635,70834,validation
0.91,0.4563393310836341,0.9732615740410284,70049,validation
0.912,0.45142734296621545,0.9737354787502706,69295,validation
0.914,0.44579875180779405,0.9742368224927299,68431,validation
0.916,0.4403199958306732,0.9749075306998076,67590,validation
0.918,0.43409857852014955,0.9756134163727771,66635,validation
0.92,0.42762309285872496,0.9763105376213037,65641,validation
0.922,0.42127138408620085,0.9769275971917236,64666,validation
0.924,0.41439199489257467,0.9775035371796887,63610,validation
0.926,0.40769501374574924,0.9781726374996005,62582,validation
0.928,0.40059412906672226,0.9788265140180836,61492,validation
0.93,0.39222290263319043,0.97957048183766,60207,validation
0.932,0.3848158330184623,0.9801929913661758,59070,validation
0.934,0.37669216036273145,0.9809764280649569,57823,validation
0.936,0.3678193118004977,0.9814916491029206,56461,validation
0.938,0.3586272491563628,0.9819255222524977,55050,validation
0.94,0.3483667965238238,0.9824777933613839,53475,validation
0.942,0.33848418913108624,0.9832172139035374,51958,validation
0.944,0.32753970632304463,0.9838100163093202,50278,validation
0.946,0.3165496215033029,0.984544462966393,48591,validation
0.948,0.30501882711625905,0.9854338865039192,46821,validation
0.95,0.2907193391617047,0.9859274862187962,44626,validation
0.952,0.27754035778035463,0.986409407788184,42603,validation
0.954,0.26314966580239996,0.9864583849086498,40394,validation
0.956,0.2466547667131373,0.9869262056943637,37862,validation
0.958,0.22809474795116677,0.9870905092394253,35013,validation
0.96,0.20550220844028091,0.9870660960532572,31545,validation
0.962,0.18975648525752106,0.987675089261192,29128,validation
0.964,0.17325507159515838,0.9880804662530551,26595,validation
0.966,0.15728133835389768,0.988319595742037,24143,validation
0.968,0.14131411968573698,0.9892587128895445,21692,validation
0.97,0.12433714218707248,0.9897830870795348,19086,validation
0.972,0.10848067126161223,0.9906317559452318,16652,validation
0.974,0.09362093002045575,0.9915802658130958,14371,validation
0.976,0.07957551041680239,0.9923864101514531,12215,validation
0.978,0.06735417128115595,0.9930360769900377,10339,validation
0.98,0.057106747794817,0.9938398357289527,8766,validation
0.982,0.04689189717397819,0.9949986107252015,7198,validation
0.984,0.03391486755872888,0.995197848636189,5206,validation
0.986,0.018748941381871245,0.995135510771369,2878,validation
0.988,0.009537335018436241,0.9952185792349727,1464,validation
0.99,0.005153027322119581,0.9987357774968394,791,validation
0.992,0.002371304608409011,1.0,364,validation
0.994,0.0010032442574038124,1.0,154,validation
0.0,1.0,0.8435639237394613,109834,test
0.002,1.0,0.8435639237394613,109834,test
0.004,1.0,0.8435639237394613,109834,test
0.006,1.0,0.8435639237394613,109834,test
0.008,1.0,0.8435639237394613,109834,test
0.01,1.0,0.8435639237394613,109834,test
0.012,1.0,0.8435639237394613,109834,test
0.014,1.0,0.8435639237394613,109834,test
0.016,1.0,0.8435639237394613,109834,test
0.018,1.0,0.8435639237394613,109834,test
0.02,1.0,0.8435639237394613,109834,test
0.022,1.0,0.8435639237394613,109834,test
0.024,1.0,0.8435639237394613,109834,test
0.026,1.0,0.8435639237394613,109834,test
0.028,1.0,0.8435639237394613,109834,test
0.03,1.0,0.8435639237394613,109834,test
0.032,1.0,0.8435639237394613,109834,test
0.034,1.0,0.8435639237394613,109834,test
0.036,1.0,0.8435639237394613,109834,test
0.038,1.0,0.8435639237394613,109834,test
0.04,1.0,0.8435639237394613,109834,test
0.042,1.0,0.8435639237394613,109834,test
0.044,1.0,0.8435639237394613,109834,test
0.046,1.0,0.8435639237394613,109834,test
0.048,1.0,0.8435639237394613,109834,test
0.05,1.0,0.8435639237394613,109834,test
0.052,1.0,0.8435639237394613,109834,test
0.054,1.0,0.8435639237394613,109834,test
0.056,1.0,0.8435639237394613,109834,test
0.058,1.0,0.8435639237394613,109834,test
0.06,1.0,0.8435639237394613,109834,test
0.062,1.0,0.8435639237394613,109834,test
0.064,1.0,0.8435639237394613,109834,test
0.066,1.0,0.8435639237394613,109834,test
0.068,1.0,0.8435639237394613,109834,test
0.07,1.0,0.8435639237394613,109834,test
0.072,1.0,0.8435639237394613,109834,test
0.074,1.0,0.8435639237394613,109834,test
0.076,1.0,0.8435639237394613,109834,test
0.078,1.0,0.8435639237394613,109834,test
0.08,1.0,0.8435639237394613,109834,test
0.082,1.0,0.8435639237394613,109834,test
0.084,1.0,0.8435639237394613,109834,test
0.086,1.0,0.8435639237394613,109834,test
0.088,1.0,0.8435639237394613,109834,test
0.09,1.0,0.8435639237394613,109834,test
0.092,1.0,0.8435639237394613,109834,test
0.094,1.0,0.8435639237394613,109834,test
0.096,1.0,0.8435639237394613,109834,test
0.098,1.0,0.8435639237394613,109834,test
0.1,1.0,0.8435639237394613,109834,test
0.102,1.0,0.8435639237394613,109834,test
0.104,1.0,0.8435639237394613,109834,test
0.106,1.0,0.8435639237394613,109834,test
0.108,1.0,0.8435639237394613,109834,test
0.11,1.0,0.8435639237394613,109834,test
0.112,1.0,0.8435639237394613,109834,test
0.114,1.0,0.8435639237394613,109834,test
0.116,1.0,0.8435639237394613,109834,test
0.118,1.0,0.8435639237394613,109834,test
0.12,1.0,0.8435639237394613,109834,test
0.122,1.0,0.8435639237394613,109834,test
0.124,1.0,0.8435639237394613,109834,test
0.126,1.0,0.8435639237394613,109834,test
0.128,1.0,0.8435639237394613,109834,test
0.13,1.0,0.8435639237394613,109834,test
0.132,1.0,0.8435639237394613,109834,test
0.134,1.0,0.8435639237394613,109834,test
0.136,1.0,0.8435639237394613,109834,test
0.138,1.0,0.8435639237394613,109834,test
0.14,1.0,0.8435639237394613,109834,test
0.142,1.0,0.8435639237394613,109834,test
0.144,1.0,0.8435639237394613,109834,test
0.146,1.0,0.8435639237394613,109834,test
0.148,1.0,0.8435639237394613,109834,test
0.15,1.0,0.8435639237394613,109834,test
0.152,1.0,0.8435639237394613,109834,test
0.154,1.0,0.8435639237394613,109834,test
0.156,1.0,0.8435639237394613,109834,test
0.158,1.0,0.8435639237394613,109834,test
0.16,1.0,0.8435639237394613,109834,test
0.162,1.0,0.8435639237394613,109834,test
0.164,1.0,0.8435639237394613,109834,test
0.166,1.0,0.8435639237394613,109834,test
0.168,1.0,0.8435639237394613,109834,test
0.17,1.0,0.8435639237394613,109834,test
0.172,1.0,0.8435639237394613,109834,test
0.174,1.0,0.8435639237394613,109834,test
0.176,1.0,0.8435639237394613,109834,test
0.178,1.0,0.8435639237394613,109834,test
0.18,1.0,0.8435639237394613,109834,test
0.182,1.0,0.8435639237394613,109834,test
0.184,1.0,0.8435639237394613,109834,test
0.186,1.0,0.8435639237394613,109834,test
0.188,1.0,0.8435639237394613,109834,test
0.19,1.0,0.8435639237394613,109834,test
0.192,1.0,0.8435639237394613,109834,test
0.194,0.9999817907023326,0.8435792847257629,109832,test
0.196,0.9999817907023326,0.8435792847257629,109832,test
0.198,0.9999817907023326,0.8435792847257629,109832,test
0.2,0.9999817907023326,0.8435792847257629,109832,test
0.202,0.9999726860534989,0.8435869654287041,109831,test
0.204,0.9999726860534989,0.8435869654287041,109831,test
0.206,0.9999726860534989,0.8435869654287041,109831,test
0.208,0.9999726860534989,0.8435869654287041,109831,test
0.21,0.9999726860534989,0.8435869654287041,109831,test
0.212,0.9999726860534989,0.8435869654287041,109831,test
0.214,0.9999635814046652,0.8435946462715105,109830,test
0.216,0.9999635814046652,0.8435946462715105,109830,test
0.218,0.9999544767558315,0.843602327254186,109829,test
0.22,0.9999453721069979,0.8436009032305058,109828,test
0.222,0.9999271628093305,0.8436071604173875,109826,test
0.224,0.9999271628093305,0.8436071604173875,109826,test
0.226,0.9999271628093305,0.8436071604173875,109826,test
0.228,0.9999180581604967,0.8436148417937628,109825,test
0.23,0.9999089535116631,0.8436134178321678,109824,test
0.232,0.9998998488628293,0.8436210994054069,109823,test
0.234,0.9998998488628293,0.8436210994054069,109823,test
0.236,0.9998907442139957,0.8436196754748593,109822,test
0.238,0.9998452209698272,0.8436489796661719,109817,test
0.24,0.9998270116721598,0.8436643445795201,109815,test
0.242,0.9997723837791577,0.8437104426777404,109809,test
0.244,0.9997359651838229,0.8437320704885934,109805,test
0.246,0.9997359651838229,0.8437320704885934,109805,test
0.248,0.9997268605349892,0.843739754471604,109804,test
0.25,0.999699546588488,0.8437628072604074,109801,test
0.252,0.999672232641987,0.8437767536749303,109798,test
0.254,0.9996358140466522,0.8438074940342823,109794,test
0.256,0.9996085001001511,0.843821442559044,109791,test
0.258,0.9995902908024837,0.843827705872173,109789,test
0.26,0.9995720815048164,0.8438430779600499,109787,test
0.262,0.9995356629094816,0.8438738238160736,109783,test
0.264,0.9995083489629805,0.8438968846784478,109780,test
0.266,0.9994719303676457,0.8439185249963562,109776,test
0.268,0.9994446164211447,0.8439324788427026,109773,test
0.27,0.9994081978258098,0.843945011797502,109769,test
0.272,0.9993535699328077,0.8439638129424305,109763,test
0.274,0.9993262559863066,0.8439777696793003,109760,test
0.276,0.9992716280933044,0.8440056854419884,109754,test
0.278,0.9992078955514686,0.844050406844834,109747,test
0.28,0.9991714769561338,0.844072059265739,109743,test
0.282,0.999107744414298,0.8441076766056718,109736,test
0.284,0.9990258025747947,0.8441586847357533,109727,test
0.286,0.9989438607352914,0.8442188155088499,109718,test
0.288,0.9988710235446219,0.8442621456567314,109710,test
0.29,0.9987890817051186,0.8443040628617788,109701,test
0.292,0.9986707212702806,0.8443585442345561,109688,test
0.294,0.9986343026749458,0.8443802195397688,109684,test
0.296,0.9985796747819436,0.8444172942613833,109678,test
0.298,0.9985341515377751,0.8444375552779627,109673,test
0.3,0.9984613143471056,0.8444626818036748,109665,test
0.302,0.9983793725076023,0.8445228715254979,109656,test
0.304,0.9982974306680992,0.8445648307751238,109647,test
0.306,0.99815175628676,0.8446242394943037,109631,test
0.308,0.9979423493635851,0.8447467338150499,109608,test
0.31,0.9978057796310796,0.844825855665964,109593,test
0.312,0.9976965238450753,0.8448909938766757,109581,test
0.314,0.9975690587614036,0.8449441894000931,109567,test
0.316,0.997496221570734,0.8449785047326098,109559,test
0.318,0.9973596518382286,0.8450576937121157,109544,test
0.32,0.9971866635103884,0.8451495092444647,109525,test
0.322,0.9971047216708852,0.8451824390956573,109516,test
0.324,0.9969772565872135,0.845281364723932,109502,test
0.326,0.9968042682593732,0.8453823881333175,109483,test
0.328,0.996631279931533,0.845446904918512,109464,test
0.33,0.9963490358176885,0.8456315736569407,109433,test
0.332,0.996157838192181,0.845757320951998,109412,test
0.334,0.9959302219713385,0.8458591971623685,109387,test
0.336,0.9958391754830016,0.8459091033763954,109377,test
0.338,0.9956115592621593,0.8460384812349111,109352,test
0.34,0.9954294662854853,0.8461475139940731,109332,test
0.342,0.9952382686599778,0.8462368837536935,109311,test
0.344,0.9949924431414681,0.846372753559533,109284,test
0.346,0.9948103501647941,0.8464453067799093,109264,test
0.348,0.9946737804322887,0.8465249109831668,109249,test
0.35,0.9944461642114464,0.8466454259137186,109224,test
0.352,0.9942458619371051,0.8467427336495669,109202,test
0.354,0.9940637689604312,0.846787932076716,109182,test
0.356,0.9937633155489193,0.846897360488873,109149,test
0.358,0.9935448039769106,0.8470011454753723,109125,test
0.36,0.9933080831072345,0.8471205052291955,109099,test
0.362,0.9930167343445563,0.8472773616217555,109067,test
0.364,0.9926889669865433,0.847401197824472,109031,test
0.366,0.9924249321703662,0.8475899524779362,109002,test
0.368,0.9921700020030227,0.8476884394442711,108974,test
0.37,0.9919059671868456,0.8477855798797559,108945,test
0.372,0.9915508858823315,0.8479330799037702,108906,test
0.374,0.9912504324708196,0.84807987287941,108873,test
0.376,0.9908953511663056,0.8482367642464671,108834,test
0.378,0.9906313163501284,0.8484077018519369,108805,test
0.38,0.9902398164502795,0.8486419889299571,108762,test
0.382,0.9898118979550958,0.8488525042542427,108715,test
0.384,0.9894568166505818,0.8489822959991167,108676,test
0.386,0.9891199446437351,0.849151777906645,108639,test
0.388,0.9887011307973852,0.8493825568867238,108593,test
0.39,0.9883460494928711,0.8496048049818523,108554,test
0.392,0.9880000728371907,0.8497180139334292,108516,test
0.394,0.9875357357466723,0.8499423777255336,108465,test
0.396,0.9871624451444908,0.8501162104331145,108424,test
0.398,0.9867436312981408,0.8503570835409401,108378,test
0.4,0.9863885499936268,0.850589353787648,108339,test
0.402,0.9857694338729355,0.8509111396403469,108271,test
0.404,0.9854598758125899,0.8510306087567098,108237,test
0.406,0.9849773294244041,0.8512719071212009,108184,test
0.408,0.984503887685052,0.8514685754448267,108132,test
0.41,0.983966713403864,0.8517205962636366,108073,test
0.412,0.9835478995575141,0.8519073935219899,108027,test
0.414,0.9831655043064988,0.8521276103162476,107985,test
0.416,0.9827011672159804,0.8522893620175293,107934,test
0.418,0.9821093650417904,0.8525433627826345,107869,test
0.42,0.9815175628676002,0.8528254981262291,107804,test
0.422,0.9810987490212503,0.8529946732493179,107758,test
0.424,0.9805524700912286,0.8532284722093261,107698,test
0.426,0.980033505107708,0.853485196161314,107641,test
0.428,0.9795691680171896,0.8536759921925829,107590,test
0.43,0.9788681100569951,0.8539618464743799,107513,test
0.432,0.9781943660433017,0.8542707955211795,107439,test
0.434,0.9776025638691116,0.8545551064503512,107374,test
0.436,0.9770107616949214,0.8548490806922067,107309,test
0.438,0.9764826920625671,0.8551062460956075,107251,test
0.44,0.9758453666442085,0.8554128063742641,107181,test
0.442,0.9752535644700184,0.8556891594159602,107116,test
0.444,0.974552506509824,0.8559777277440933,107039,test
0.446,0.9739060764426316,0.8562841223543489,106968,test
0.448,0.9732869603219404,0.8564826941066417,106900,test
0.45,0.9726405302547481,0.856817905250447,106829,test
0.452,0.9719485769433873,0.8571468717506768,106753,test
0.454,0.9713476701203635,0.857424053539794,106687,test
0.456,0.9707285539996723,0.8577176675827011,106619,test
0.458,0.9699364495511408,0.8580051064468892,106532,test
0.46,0.9692262869421127,0.8582674206699608,106454,test
0.462,0.9684523917912486,0.8585114083990636,106369,test
0.464,0.9675692408543802,0.8588715748268594,106272,test
0.466,0.9667498224593477,0.8591663370439434,106182,test
0.468,0.9659850319573174,0.8594506965258535,106098,test
0.47,0.9651838228599523,0.859739647203094,106010,test
0.472,0.9643826137625872,0.8600290780007931,105922,test
0.474,0.9633628930932134,0.8604385218788394,105810,test
0.476,0.9624524282098439,0.8607984107463816,105710,test
0.478,0.9613598703498006,0.8612368595510939,105590,test
0.48,0.9604038822222627,0.8615916955017301,105485,test
0.482,0.9593841615528889,0.8618526567526785,105373,test
0.484,0.9584099641276836,0.8622632188930899,105266,test
0.486,0.957235464428137,0.8626744152867212,105137,test
0.488,0.9560518600797567,0.8631710266934586,105007,test
0.49,0.9550139301127155,0.8636133965088233,104893,test
0.492,0.9537028606806636,0.8641705410075514,104749,test
0.494,0.9522734308137735,0.8648271378308092,104592,test
0.496,0.9508531055957171,0.8653146424604542,104436,test
0.498,0.94915964091265,0.8659568345323742,104250,test
0.5,0.9475936413132545,0.866561617248602,104078,test
0.502,0.9456816650581787,0.8673027303885701,103868,test
0.504,0.9437241655589343,0.868021186072762,103653,test
0.506,0.941648305624852,0.8688808315204254,103425,test
0.508,0.9398273758581132,0.8695083555340276,103225,test
0.51,0.9378971903053699,0.8702785085377573,103013,test
0.512,0.9363129814083071,0.870788319606375,102839,test
0.514,0.9343645865578964,0.8715127892813642,102625,test
0.516,0.932143052242475,0.8723200593860189,102381,test
0.518,0.9303039131780687,0.8728897327239452,102179,test
0.52,0.9284465648159951,0.873518019122334,101975,test
0.522,0.9264708560190833,0.8742015369798934,101758,test
0.524,0.9247956006336836,0.8747415677240239,101574,test
0.526,0.9229473569204436,0.8754772074853755,101371,test
0.528,0.9210717992607025,0.8761231651262789,101165,test
0.53,0.9189959393266202,0.8768241576428861,100937,test
0.532,0.9172569513993846,0.8773946360153256,100746,test
0.534,0.9157000564488228,0.8779418344519015,100575,test
0.536,0.9140521150099241,0.8785684403450406,100394,test
0.538,0.9124405921663602,0.8791422612929942,100217,test
0.54,0.9105559298577854,0.8797320267973203,100010,test
0.542,0.9087258954422128,0.8803214139005501,99809,test
0.544,0.907260046979988,0.8807402055234426,99648,test
0.546,0.9054482218620827,0.8812858852276041,99449,test
0.548,0.9036455013930113,0.8818651701242305,99251,test
0.55,0.9018154669774386,0.8824129227662797,99050,test
0.552,0.9001220022943716,0.8829300857743971,98864,test
0.554,0.8982464446346304,0.8836586997506538,98658,test
0.556,0.8963253637307209,0.8840797586518634,98447,test
0.558,0.8944407014221462,0.8846192996742671,98240,test
0.56,0.8925924577089062,0.885247406591389,98037,test
0.562,0.8907806325910009,0.8857907970318282,97838,test
0.564,0.8887776098475881,0.8864451228257084,97618,test
0.566,0.8868019010506765,0.8870750813646677,97401,test
0.568,0.8851630642606114,0.8875860153670503,97221,test
0.57,0.8835697507147149,0.8881149145765925,97046,test
0.572,0.8817124023526413,0.888787922595568,96842,test
0.574,0.880319391081086,0.8892428301047689,96689,test
0.576,0.8786987635886884,0.8896913305219094,96511,test
0.578,0.8768687291731158,0.8903852144117952,96310,test
0.58,0.8750569040552106,0.8909281976048528,96111,test
0.582,0.8729810441211282,0.8915553330621695,95883,test
0.584,0.8708960795382122,0.8921425136429214,95654,test
0.586,0.8687018591692919,0.8929810403194534,95413,test
0.588,0.867090336325728,0.8934016548364064,95236,test
0.59,0.8652785112078227,0.8939465681787093,95037,test
0.592,0.8634757907387512,0.8945792342812556,94839,test
0.594,0.8617094888650145,0.8951661471815733,94645,test
0.596,0.85999781488428,0.895497422107414,94457,test
0.598,0.8583316641477138,0.8960689055306872,94274,test
0.6,0.8565744669228108,0.8965891093844666,94081,test
0.602,0.8549902580257479,0.8970364296591309,93907,test
0.604,0.853169328259009,0.897585025665105,93707,test
0.606,0.8512846659504343,0.8981711229946524,93500,test
0.608,0.8492725385581879,0.8987339058094533,93279,test
0.61,0.847688329661125,0.8992535309596692,93105,test
0.612,0.8457672487572154,0.8997136521196202,92894,test
0.614,0.8439554236393102,0.9001240627865581,92695,test
0.616,0.842025238086567,0.9004898197506569,92483,test
0.618,0.8403499827011672,0.9009198366179482,92299,test
0.62,0.8386565180181,0.9014037106597331,92113,test
0.622,0.8368902161443633,0.9018048499222141,91919,test
0.624,0.8349964491869548,0.9023126996761566,91711,test
0.626,0.8330662636342117,0.9028076809582618,91499,test
0.628,0.8311907059744705,0.9033879925076402,91293,test
0.63,0.8293515669100643,0.903887321469739,91091,test
0.632,0.8276763115246645,0.9043197993553852,90907,test
0.634,0.8259646375439299,0.9047939240952833,90719,test
0.636,0.8241346031283573,0.9053779358801565,90518,test
0.638,0.82226815011745,0.9059714548293158,90313,test
0.64,0.8205382668390481,0.9063834981081411,90123,test
0.642,0.8186080812863048,0.9068412096406446,89911,test
0.644,0.8168690933590691,0.907434239857334,89720,test
0.646,0.8150754775388314,0.9078784223048826,89523,test
0.648,0.8130815594442522,0.9083467705813849,89304,test
0.65,0.8112879436240145,0.9087950441603915,89107,test
0.652,0.8094670138572755,0.9092759850180526,88907,test
0.654,0.8076005608463681,0.909720186692521,88702,test
0.656,0.8057432124842945,0.9102239598634997,88498,test
0.658,0.8040315385035599,0.9106669686332238,88310,test
0.66,0.8023380738204927,0.9111252326267532,88124,test
0.662,0.8007174463280952,0.9115479953607896,87946,test
0.664,0.7988874119125225,0.9120747620947063,87745,test
0.666,0.7972485751224575,0.9124421858048307,87565,test
0.668,0.7956643662253947,0.9128514377910769,87391,test
0.67,0.7937979132144873,0.9132888307755832,87186,test
0.672,0.7918313090664093,0.9138438542025986,86970,test
0.674,0.7901014257880073,0.9142429131136206,86780,test
0.676,0.7882896006701021,0.9147156997493676,86581,test
0.678,0.7863412058196916,0.9151296212673822,86367,test
0.68,0.7843563923739462,0.9157274025235348,86149,test
0.682,0.7823533696305334,0.9161866191856067,85929,test
0.684,0.7804140794289565,0.9165850016333007,85716,test
0.686,0.7786295682575523,0.91694340505145,85520,test
0.688,0.7768359524373145,0.9173962472018096,85323,test
0.69,0.7748784529380702,0.9179043098181134,85108,test
0.692,0.7730119999271629,0.9184127769336773,84903,test
0.694,0.77100897718375,0.9188384917870175,84683,test
0.696,0.7691061055775079,0.9193124511684069,84474,test
0.698,0.7671212921317625,0.9197801936954045,84256,test
0.7,0.765018118251179,0.9201904195180006,84025,test
0.702,0.762578072363749,0.9208663156512291,83757,test
0.704,0.7605295263761677,0.9212876502418235,83532,test
0.706,0.7584081431979168,0.921547677643189,83299,test
0.708,0.7561957135313291,0.9220887112309767,83056,test
0.71,0.7542109000855837,0.9225114078080108,82838,test
0.712,0.7523171331281753,0.9229577635241438,82630,test
0.714,0.750241273194093,0.9233999174777311,82402,test
0.716,0.7482291458018464,0.9237901704773609,82181,test
0.718,0.7462534370049347,0.9241496266653653,81964,test
0.72,0.7443505653986926,0.924555073084215,81755,test
0.722,0.7426479960667917,0.9248970184386034,81568,test
0.724,0.7403991478048692,0.9254436123510532,81321,test
0.726,0.7384780669009596,0.9256935026507213,81110,test
0.728,0.7364841488063806,0.926159894178586,80891,test
0.73,0.7341715680026222,0.9266713791435693,80637,test
0.732,0.7319955569313692,0.9270753003806065,80398,test
0.734,0.7298650691042846,0.9275485255226785,80164,test
0.736,0.7276617440865306,0.9278921948900177,79922,test
0.738,0.7253127446874374,0.9283239606346656,79664,test
0.74,0.7230638964255148,0.9287935832378458,79417,test
0.742,0.7207695249194238,0.9291353502178993,79165,test
0.744,0.7183932115738296,0.9296360133833519,78904,test
0.746,0.7161807819072419,0.9301178474720637,78661,test
0.748,0.7136041662873063,0.9306182857434484,78378,test
0.75,0.7112278529417121,0.9309753318739838,78117,test
0.752,0.7085875047799406,0.9314119778483045,77827,test
0.754,0.7062385053808474,0.9318413283657131,77569,test
0.756,0.7039168199282554,0.9322632382233489,77314,test
0.758,0.7014130414989894,0.932839211308558,77039,test
0.76,0.6989638909627256,0.9334766184707568,76770,test
0.762,0.6962233916637836,0.9339863212543645,76469,test
0.764,0.6932643807928328,0.9344662744274007,76144,test
0.766,0.6908698581495711,0.9349771352512487,75881,test
0.768,0.6884024983156399,0.9356037561169157,75610,test
0.77,0.6860990221607153,0.9361439547752697,75357,test
0.772,0.6834950925942787,0.9366866033488298,75071,test
0.774,0.6808729537301746,0.9371381196261183,74783,test
0.776,0.6785148496822477,0.9374832268799312,74524,test
0.778,0.6758198736274742,0.9378401681306245,74228,test
0.78,0.6732887812517071,0.9384178498985801,73950,test
0.782,0.6707394795782726,0.9389303651418488,73670,test
0.784,0.6678715151956589,0.9395405902801445,73355,test
0.786,0.6648214578363713,0.9400438236099699,73020,test
0.788,0.6616894586375803,0.9404892949529419,72676,test
0.79,0.658511936194621,0.9410731815228062,72327,test
0.792,0.655470983484167,0.9415220924256525,71993,test
0.794,0.6526121237503869,0.9420611336653693,71679,test
0.796,0.6495165431469309,0.942682123382722,71339,test
0.798,0.646648578764317,0.9429770218517685,71024,test
0.8,0.6434801609701913,0.9436300865923368,70676,test
0.802,0.6405302547480743,0.9442944052763248,70352,test
0.804,0.6370158602982683,0.9446588342909413,69966,test
0.806,0.6339475936413133,0.9451090781140042,69629,test
0.808,0.6306608154123495,0.94573251717965,69268,test
0.81,0.627638071999563,0.9460949286294534,68936,test
0.812,0.6248065262122839,0.9464043715846995,68625,test
0.814,0.6215470619298213,0.9468703766094893,68267,test
0.816,0.6184150627310304,0.9473521487566804,67923,test
0.818,0.6150190287160624,0.9478016284233901,67550,test
0.82,0.6119234481126063,0.9482368695134653,67210,test
0.822,0.6084545769069687,0.9486899399961095,66829,test
0.824,0.6052133219221735,0.9490168940772945,66473,test
0.826,0.6019447529908771,0.9492543182986962,66114,test
0.828,0.5987034980060819,0.9498311992457191,65758,test
0.83,0.5960995684396453,0.9502993646138808,65472,test
0.832,0.5933590691407032,0.9509137499808197,65171,test
0.834,0.5906094651929276,0.951486842713777,64869,test
0.836,0.5877323961614801,0.9519464625966261,64553,test
0.838,0.5848553271300326,0.9523639024238367,64237,test
0.84,0.5818234790684124,0.9527103154732098,63904,test
0.842,0.5789464100369649,0.9531829905013525,63588,test
0.844,0.5760238177613489,0.9537515608453064,63267,test
0.846,0.5730283882950634,0.9541453493914647,62938,test
0.848,0.5695959356847606,0.9547002125925097,62561,test
0.85,0.5659358668536154,0.9551311958043083,62159,test
0.852,0.5624214724038094,0.9557088048176388,61773,test
0.854,0.5589981244423402,0.9562193592520807,61397,test
0.856,0.555219695176357,0.95700370601161,60982,test
0.858,0.5512045450406978,0.957582464775937,60541,test
0.86,0.5473988018282134,0.9579362307270096,60123,test
0.862,0.5434018609902216,0.9585315997587293,59684,test
0.864,0.538949687710545,0.9589661288960216,59195,test
0.866,0.5348708050330498,0.9596234701346452,58747,test
0.868,0.5302638527232004,0.9603372194845555,58241,test
0.87,0.5257024236575195,0.960962937305161,57740,test
0.872,0.5210590527523353,0.9615935698060458,57230,test
0.874,0.5162973214123131,0.9623679616273123,56707,test
0.876,0.5119361946209735,0.9630077541438429,56228,test
0.878,0.5072837190669556,0.9634581904984116,55717,test
0.88,0.502922592275616,0.9641008001737934,55238,test
0.882,0.4981881748820948,0.9644175591213129,54718,test
0.884,0.49379062949542035,0.9647644510002765,54235,test
0.886,0.4888103865833895,0.9654671434957532,53688,test
0.888,0.4837117832365206,0.9662136726396627,53128,test
0.89,0.4787770635686582,0.9668162628836573,52586,test
0.892,0.4730957626964328,0.9676301912936377,51962,test
0.894,0.46707758981736075,0.9682462330169003,51301,test
0.896,0.46158748657064297,0.9684800189356582,50698,test
0.898,0.45589708104958393,0.9690052523315958,50073,test
0.9,0.44991532676584667,0.9694430953537316,49416,test
0.902,0.4445891071981354,0.9699780876901968,48831,test
0.904,0.43929020157692517,0.9704449833157164,48249,test
0.906,0.4339275634138791,0.9711078472513638,47660,test
0.908,0.42846477411366246,0.9716107097322567,47060,test
0.91,0.42271063605076753,0.9721288877401568,46428,test
0.912,0.41739352113188993,0.9727118052525957,45844,test
0.914,0.4118761039386711,0.9730978381007118,45238,test
0.916,0.4062039077152794,0.9737532220105346,44615,test
0.918,0.400285885973378,0.9742749914704879,43965,test
0.92,0.3943951781779777,0.9747679948289395,43318,test
0.922,0.38783072636888394,0.975444280113623,42597,test
0.924,0.38109328623195005,0.9760852426117496,41857,test
0.926,0.3742647996066792,0.976938234363977,41107,test
0.928,0.36704481308155945,0.9776504440144863,40314,test
0.93,0.3591510825427463,0.9784013993459578,39447,test
0.932,0.3514849682247756,0.97888874498122,38605,test
0.934,0.34147895915654536,0.9795232762757958,37506,test
0.936,0.33334850774805613,0.9801709775216453,36613,test
0.938,0.32396161480051716,0.9809173177449272,35582,test
0.94,0.3141650126554619,0.9814525010143164,34506,test
0.942,0.3028024109110112,0.9820193637621023,33258,test
0.944,0.2922228089662582,0.9832377866400798,32096,test
0.946,0.28168873026567365,0.9837422023982676,30939,test
0.948,0.2720924303949597,0.9843065082817467,29885,test
0.95,0.2621137352732305,0.9849247976657751,28789,test
0.952,0.2514704007866417,0.9855539464156409,27620,test
0.954,0.24005317114918878,0.9863460517332929,26366,test
0.956,0.22851758107689787,0.9870512769433045,25099,test
0.958,0.21649033996758746,0.9875515182101102,23778,test
0.96,0.20378025019574994,0.9880707711553928,22382,test
0.962,0.19027805597538103,0.988898990382315,20899,test
0.964,0.17565598994846768,0.9896853781164153,19293,test
0.966,0.1569550412440592,0.990370671152619,17239,test
0.968,0.1426243239798241,0.9905521864028088,15665,test
0.97,0.1246335378844438,0.9907224779019651,13689,test
0.972,0.10828158857912851,0.9921802741108214,11893,test
0.974,0.0919387439226469,0.9931669637551991,10098,test
0.976,0.07483110876413497,0.993064849738411,8219,test
0.978,0.06295864668499736,0.9934924078091106,6915,test
0.98,0.04896480142760894,0.9944217181108219,5378,test
0.982,0.038376094834022254,0.9947805456702253,4215,test
0.984,0.028980097237649542,0.9959158027018536,3183,test
0.986,0.019402006664602945,0.995776630689817,2131,test
0.988,0.010379299670411712,0.9964912280701754,1140,test
0.99,0.0051168126445363,0.998220640569395,562,test
0.992,0.001975708796911703,0.9953917050691244,217,test
0.994,0.0006919533113607808,0.9868421052631579,76,test
