team_id,team_name,n_test,n_routed_to,precision_routed,auto_routed_share,meets_floor
T01,Credit Reporting Team,57889,44808,0.9624,0.7592,True
T02,Debt Collection Team,16116,6862,0.8948,0.4525,True
T03,Credit Card Team,9725,4350,0.9455,0.4907,True
T04,Banking Accounts Team,10164,4913,0.9218,0.4706,True
T05,Money Transfers & Digital Currency Team,5236,2017,0.888,0.3846,True
T06,Mortgage Team,3367,2259,0.9615,0.651,True
T07,Student Loan Team,1517,696,0.9425,0.4588,True
T08,Vehicle Finance Team,2857,1101,0.9074,0.3787,True
T09,Personal & Short-Term Loans Team,1640,293,0.8942,0.2189,True
T10,Prepaid Card Team,856,231,0.9524,0.3166,True
T11,Debt & Credit Management Team,467,20,0.9,0.3019,True
