threshold,coverage,precision,n_routed
0.0,1.0,0.8068003760576622,6382
0.002,1.0,0.8068003760576622,6382
0.004,1.0,0.8068003760576622,6382
0.006,1.0,0.8068003760576622,6382
0.008,1.0,0.8068003760576622,6382
0.01,1.0,0.8068003760576622,6382
0.012,1.0,0.8068003760576622,6382
0.014,1.0,0.8068003760576622,6382
0.016,1.0,0.8068003760576622,6382
0.018,1.0,0.8068003760576622,6382
0.02,1.0,0.8068003760576622,6382
0.022,1.0,0.8068003760576622,6382
0.024,1.0,0.8068003760576622,6382
0.026,1.0,0.8068003760576622,6382
0.028,1.0,0.8068003760576622,6382
0.03,1.0,0.8068003760576622,6382
0.032,1.0,0.8068003760576622,6382
0.034,1.0,0.8068003760576622,6382
0.036,1.0,0.8068003760576622,6382
0.038,1.0,0.8068003760576622,6382
0.04,1.0,0.8068003760576622,6382
0.042,1.0,0.8068003760576622,6382
0.044,1.0,0.8068003760576622,6382
0.046,1.0,0.8068003760576622,6382
0.048,1.0,0.8068003760576622,6382
0.05,1.0,0.8068003760576622,6382
0.052,1.0,0.8068003760576622,6382
0.054,1.0,0.8068003760576622,6382
0.056,1.0,0.8068003760576622,6382
0.058,1.0,0.8068003760576622,6382
0.06,1.0,0.8068003760576622,6382
0.062,1.0,0.8068003760576622,6382
0.064,1.0,0.8068003760576622,6382
0.066,1.0,0.8068003760576622,6382
0.068,1.0,0.8068003760576622,6382
0.07,1.0,0.8068003760576622,6382
0.072,1.0,0.8068003760576622,6382
0.074,1.0,0.8068003760576622,6382
0.076,1.0,0.8068003760576622,6382
0.078,1.0,0.8068003760576622,6382
0.08,1.0,0.8068003760576622,6382
0.082,1.0,0.8068003760576622,6382
0.084,1.0,0.8068003760576622,6382
0.086,1.0,0.8068003760576622,6382
0.088,1.0,0.8068003760576622,6382
0.09,1.0,0.8068003760576622,6382
0.092,1.0,0.8068003760576622,6382
0.094,1.0,0.8068003760576622,6382
0.096,1.0,0.8068003760576622,6382
0.098,1.0,0.8068003760576622,6382
0.1,1.0,0.8068003760576622,6382
0.102,1.0,0.8068003760576622,6382
0.104,1.0,0.8068003760576622,6382
0.106,1.0,0.8068003760576622,6382
0.108,1.0,0.8068003760576622,6382
0.11,1.0,0.8068003760576622,6382
0.112,1.0,0.8068003760576622,6382
0.114,1.0,0.8068003760576622,6382
0.116,1.0,0.8068003760576622,6382
0.118,1.0,0.8068003760576622,6382
0.12,1.0,0.8068003760576622,6382
0.122,1.0,0.8068003760576622,6382
0.124,1.0,0.8068003760576622,6382
0.126,1.0,0.8068003760576622,6382
0.128,1.0,0.8068003760576622,6382
0.13,1.0,0.8068003760576622,6382
0.132,1.0,0.8068003760576622,6382
0.134,1.0,0.8068003760576622,6382
0.136,1.0,0.8068003760576622,6382
0.138,1.0,0.8068003760576622,6382
0.14,1.0,0.8068003760576622,6382
0.142,1.0,0.8068003760576622,6382
0.144,1.0,0.8068003760576622,6382
0.146,1.0,0.8068003760576622,6382
0.148,1.0,0.8068003760576622,6382
0.15,1.0,0.8068003760576622,6382
0.152,1.0,0.8068003760576622,6382
0.154,1.0,0.8068003760576622,6382
0.156,1.0,0.8068003760576622,6382
0.158,1.0,0.8068003760576622,6382
0.16,1.0,0.8068003760576622,6382
0.162,1.0,0.8068003760576622,6382
0.164,1.0,0.8068003760576622,6382
0.166,1.0,0.8068003760576622,6382
0.168,1.0,0.8068003760576622,6382
0.17,1.0,0.8068003760576622,6382
0.172,1.0,0.8068003760576622,6382
0.174,1.0,0.8068003760576622,6382
0.176,1.0,0.8068003760576622,6382
0.178,1.0,0.8068003760576622,6382
0.18,1.0,0.8068003760576622,6382
0.182,1.0,0.8068003760576622,6382
0.184,1.0,0.8068003760576622,6382
0.186,1.0,0.8068003760576622,6382
0.188,1.0,0.8068003760576622,6382
0.19,1.0,0.8068003760576622,6382
0.192,1.0,0.8068003760576622,6382
0.194,1.0,0.8068003760576622,6382
0.196,1.0,0.8068003760576622,6382
0.198,1.0,0.8068003760576622,6382
0.2,1.0,0.8068003760576622,6382
0.202,1.0,0.8068003760576622,6382
0.204,1.0,0.8068003760576622,6382
0.206,1.0,0.8068003760576622,6382
0.208,1.0,0.8068003760576622,6382
0.21,1.0,0.8068003760576622,6382
0.212,1.0,0.8068003760576622,6382
0.214,1.0,0.8068003760576622,6382
0.216,1.0,0.8068003760576622,6382
0.218,1.0,0.8068003760576622,6382
0.22,1.0,0.8068003760576622,6382
0.222,1.0,0.8068003760576622,6382
0.224,1.0,0.8068003760576622,6382
0.226,1.0,0.8068003760576622,6382
0.228,1.0,0.8068003760576622,6382
0.23,1.0,0.8068003760576622,6382
0.232,1.0,0.8068003760576622,6382
0.234,1.0,0.8068003760576622,6382
0.236,1.0,0.8068003760576622,6382
0.238,1.0,0.8068003760576622,6382
0.24,1.0,0.8068003760576622,6382
0.242,1.0,0.8068003760576622,6382
0.244,1.0,0.8068003760576622,6382
0.246,1.0,0.8068003760576622,6382
0.248,1.0,0.8068003760576622,6382
0.25,1.0,0.8068003760576622,6382
0.252,1.0,0.8068003760576622,6382
0.254,1.0,0.8068003760576622,6382
0.256,1.0,0.8068003760576622,6382
0.258,1.0,0.8068003760576622,6382
0.26,1.0,0.8068003760576622,6382
0.262,1.0,0.8068003760576622,6382
0.264,0.9998433093074272,0.8069268139790001,6381
0.266,0.9996866186148543,0.8068965517241379,6380
0.268,0.9996866186148543,0.8068965517241379,6380
0.27,0.9995299279222815,0.8070230443643204,6379
0.272,0.9995299279222815,0.8070230443643204,6379
0.274,0.9995299279222815,0.8070230443643204,6379
0.276,0.9992165465371357,0.8071193351105536,6377
0.278,0.9990598558445628,0.8072459222082811,6376
0.28,0.9990598558445628,0.8072459222082811,6376
0.282,0.9987464744594171,0.8074992155632256,6374
0.284,0.9985897837668443,0.8076259218578378,6373
0.286,0.9984330930742714,0.8077526679221595,6372
0.288,0.9982764023816986,0.8078794537749175,6371
0.29,0.9981197116891256,0.8080062794348508,6370
0.292,0.9981197116891256,0.8080062794348508,6370
0.294,0.9981197116891256,0.8080062794348508,6370
0.296,0.9979630209965528,0.8079761344010049,6369
0.298,0.9978063303039799,0.8079459798994975,6368
0.3,0.9978063303039799,0.8079459798994975,6368
0.302,0.9974929489188342,0.8081998114985862,6366
0.304,0.9974929489188342,0.8081998114985862,6366
0.306,0.9971795675336885,0.8082966687617851,6364
0.308,0.996552804763397,0.8088050314465409,6360
0.31,0.996552804763397,0.8088050314465409,6360
0.312,0.9963961140708242,0.8089322220474917,6359
0.314,0.9959260419931056,0.8093140339836375,6356
0.316,0.9952992792228141,0.809823677581864,6352
0.318,0.9951425885302413,0.8097937332703511,6351
0.32,0.9949858978376684,0.8099212598425197,6350
0.322,0.9946725164525227,0.8100189035916824,6348
0.324,0.9943591350673769,0.810274188465175,6346
0.326,0.9943591350673769,0.810274188465175,6346
0.328,0.9943591350673769,0.810274188465175,6346
0.33,0.9942024443748041,0.810401891252955,6345
0.332,0.9938890629896584,0.8104997635188397,6343
0.334,0.9935756816045127,0.8105976975240499,6341
0.336,0.9935756816045127,0.8105976975240499,6341
0.338,0.993105609526794,0.8106658251814453,6338
0.34,0.9927922281416484,0.8107638888888888,6336
0.342,0.9923221560639298,0.8111479551555345,6333
0.344,0.9923221560639298,0.8111479551555345,6333
0.346,0.9920087746787841,0.8112462486179118,6331
0.348,0.9915387026010655,0.8114728192161821,6328
0.35,0.9915387026010655,0.8114728192161821,6328
0.352,0.9912253212159198,0.8117293708504584,6326
0.354,0.9910686305233469,0.8118577075098814,6325
0.356,0.9902851770604826,0.8123417721518987,6320
0.358,0.9902851770604826,0.8123417721518987,6320
0.36,0.9895017235976183,0.8126682501979414,6315
0.362,0.9891883422124725,0.8129257088547441,6313
0.364,0.9888749608273268,0.8131833306924418,6311
0.366,0.9884048887496083,0.813570069752695,6308
0.368,0.9877781259793168,0.8140862944162437,6304
0.37,0.987621435286744,0.8142154529589084,6303
0.372,0.9869946725164526,0.8144149865057946,6299
0.374,0.9866812911313068,0.8143560425599492,6297
0.376,0.9865246004387339,0.8144853875476493,6296
0.378,0.9860545283610154,0.8145558557126966,6293
0.38,0.9855844562832967,0.8149443561208267,6290
0.382,0.9851143842055782,0.8151741689199936,6287
0.384,0.9844876214352868,0.8152156613082923,6283
0.386,0.9837041679724224,0.8155463523415101,6278
0.388,0.9827640238169852,0.8161670918367347,6272
0.39,0.9824506424318395,0.816267942583732,6270
0.392,0.981980570354121,0.8163395564065741,6267
0.394,0.9816671889689752,0.816440542697526,6265
0.396,0.980883735506111,0.8164536741214058,6260
0.398,0.9799435913506738,0.816917173009274,6254
0.4,0.9793168285803823,0.8168,6250
0.402,0.9790034471952366,0.8169014084507042,6248
0.404,0.9783766844249452,0.8171044202434337,6244
0.406,0.9771231588843623,0.8175112251443233,6236
0.408,0.9761830147289251,0.8179775280898877,6230
0.41,0.9755562519586336,0.8181818181818182,6226
0.412,0.9752428705734879,0.8181233933161953,6224
0.414,0.9741460357254779,0.8187228566832878,6217
0.416,0.972892510184895,0.8191335158640682,6209
0.418,0.9721090567220307,0.819471308833011,6204
0.42,0.970698840488875,0.8200161420500404,6195
0.422,0.9700720777185835,0.8198998546276853,6191
0.424,0.9686618614854278,0.82012293756066,6182
0.426,0.9681917894077092,0.8203592814371258,6179
0.428,0.9669382638671263,0.8202884459568952,6171
0.43,0.9658414290191163,0.8205710577547047,6164
0.432,0.9642745220933876,0.8210919727006825,6154
0.434,0.9628643058602319,0.8218063466232709,6145
0.436,0.9617674710122218,0.8224177256435321,6138
0.438,0.9605139454716389,0.8228384991843393,6130
0.44,0.9595738013162018,0.8229915088177662,6124
0.442,0.9586336571607647,0.8233082706766918,6118
0.444,0.9578502036979003,0.8233273351873057,6113
0.446,0.9562832967721717,0.8238571194494511,6103
0.448,0.9550297712315888,0.8242821985233798,6095
0.45,0.9545596991538703,0.8243598161523309,6092
0.452,0.9531494829207146,0.8249219135295085,6083
0.454,0.9523660294578502,0.8251069430733794,6078
0.456,0.9507991225321216,0.8256427158866183,6068
0.458,0.9498589783766844,0.825635103926097,6062
0.46,0.9486054528361015,0.8259002312520648,6054
0.462,0.9473519272955186,0.8260006615944426,6046
0.464,0.947038545910373,0.8261085373924554,6044
0.466,0.9451582575994986,0.8265915119363395,6032
0.468,0.9445314948292072,0.8268082282680823,6028
0.47,0.9431212785960514,0.827047682339259,6019
0.472,0.9413976809777499,0.8277296937416777,6008
0.474,0.9399874647445942,0.8279713285547591,5999
0.476,0.9373237229708555,0.8288197927114678,5982
0.478,0.9352867439674083,0.8292846372926789,5969
0.48,0.9330930742713883,0.8297229219143577,5955
0.482,0.9318395487308054,0.8301664704893224,5947
0.484,0.929959260419931,0.8308340353833193,5935
0.486,0.9280789721090568,0.8320108053351343,5923
0.488,0.9263553744907552,0.8323748308525034,5912
0.49,0.9243183954873081,0.8333615867096118,5899
0.492,0.9227514885615794,0.8337578536254033,5889
0.494,0.9205578188655594,0.8340425531914893,5875
0.496,0.9182074584769665,0.8349829351535836,5860
0.498,0.9169539329363836,0.83526999316473,5852
0.5,0.914133500470072,0.8363044223517312,5834
0.502,0.9117831400814792,0.8367417081972848,5819
0.504,0.9100595424631777,0.837465564738292,5808
0.506,0.9078658727671576,0.8375906109768726,5794
0.508,0.9064556565340018,0.837856525496975,5785
0.51,0.9036352240676904,0.8389110456043003,5767
0.512,0.9017549357568161,0.8389226759339704,5755
0.514,0.8998746474459417,0.8394567299320912,5743
0.516,0.8978376684424945,0.8403141361256544,5730
0.518,0.8959573801316202,0.8406785589366912,5718
0.52,0.8943904732058916,0.8416257883672039,5708
0.522,0.8926668755875901,0.8423731788660699,5697
0.524,0.8904732058915701,0.8425127573464719,5683
0.526,0.8889062989658414,0.8425876961043539,5673
0.528,0.8870260106549671,0.8429606076664901,5661
0.53,0.8849890316515199,0.8431303116147308,5648
0.532,0.8834221247257913,0.8432068109258603,5638
0.534,0.8820119084926356,0.843133771540238,5629
0.536,0.8807583829520527,0.8432663227183775,5621
0.538,0.8779379504857412,0.8443690879885776,5603
0.54,0.8751175180194296,0.8452999104744853,5585
0.542,0.8729238483234096,0.846347154909352,5571
0.544,0.8702601065496709,0.8474972992437882,5554
0.546,0.8683798182387966,0.8480692890653194,5542
0.548,0.8664995299279222,0.8488245931283906,5530
0.55,0.8643058602319023,0.8493473531544597,5516
0.552,0.8614854277655907,0.850491087668243,5498
0.554,0.8591350673769979,0.8517235090279044,5483
0.556,0.8580382325289878,0.8517165814463111,5476
0.558,0.855531181447822,0.8516483516483516,5460
0.56,0.8531808210592291,0.8523415977961433,5445
0.562,0.8506737699780633,0.8531958003315527,5429
0.564,0.8480100282043247,0.8538433111603844,5412
0.566,0.8467565026637418,0.8539970392301999,5404
0.568,0.8451895957380131,0.8544679273266592,5394
0.57,0.8436226888122845,0.8549405646359584,5384
0.572,0.8415857098088374,0.8553342021969838,5371
0.574,0.8400188028831087,0.8561835478455512,5361
0.576,0.8371983704167972,0.8566348493355792,5343
0.578,0.8361015355687872,0.8570089955022488,5336
0.58,0.8340645565653401,0.8581626902122863,5323
0.582,0.83187088686932,0.8589188171030326,5309
0.584,0.8298339078658727,0.8593277945619335,5296
0.586,0.8282670009401442,0.8598183881952327,5286
0.588,0.8263867126292698,0.8608266970041714,5274
0.59,0.8230962080852398,0.8614125261755188,5253
0.592,0.821685991852084,0.8615560640732265,5244
0.594,0.8193356314634911,0.8623063683304647,5229
0.596,0.8183954873080539,0.8625311123875168,5223
0.598,0.8163585083046067,0.8627639155470249,5210
0.6,0.812597931682858,0.8634785962205939,5186
0.602,0.8105609526794109,0.8642953798569496,5173
0.604,0.8085239736759636,0.8647286821705427,5160
0.606,0.806957066750235,0.8652427184466019,5150
0.608,0.804763397054215,0.8656542056074766,5136
0.61,0.8022563459730492,0.866796875,5120
0.612,0.800219366969602,0.8674368513804582,5107
0.614,0.7986524600438734,0.8681577398469688,5097
0.616,0.7972422438107176,0.8685141509433962,5088
0.618,0.7948918834221247,0.8691109796964321,5073
0.62,0.7928549044186776,0.8703557312252964,5060
0.622,0.7905045440300846,0.8711595639246779,5045
0.624,0.7884675650266374,0.8720190779014309,5032
0.626,0.7859605139454716,0.8728070175438597,5016
0.628,0.7840802256345973,0.8735011990407674,5004
0.63,0.7825133187088686,0.8736483780536644,4994
0.632,0.7795361955499843,0.8739698492462311,4975
0.634,0.7768724537762457,0.8747478822105688,4958
0.636,0.7749921654653713,0.8756570966437526,4946
0.638,0.7724851143842055,0.8762677484787018,4930
0.64,0.768567847069884,0.8770642201834863,4905
0.642,0.7660607959887182,0.878093679689098,4889
0.644,0.7640238169852711,0.8789991796554553,4876
0.646,0.7619868379818239,0.8797038864898211,4863
0.648,0.7591664055155124,0.8796697626418989,4845
0.65,0.7558759009714823,0.8799751243781094,4824
0.652,0.7535255405828893,0.8800166354751507,4809
0.654,0.7519586336571608,0.8803917482808918,4799
0.656,0.750548417424005,0.8805845511482254,4790
0.658,0.7481980570354121,0.8802094240837697,4775
0.66,0.7456910059542463,0.8804370666106325,4759
0.662,0.7434973362582262,0.880927291886196,4745
0.664,0.7403635224067691,0.8819047619047619,4725
0.666,0.7378564713256033,0.8823529411764706,4709
0.668,0.7356628016295832,0.8828541001064962,4695
0.67,0.7334691319335631,0.8833582567827387,4681
0.672,0.7312754622375431,0.883436897364474,4667
0.674,0.7298652460043873,0.884499785315586,4658
0.676,0.7272015042306487,0.885585003232062,4641
0.678,0.7256345973049201,0.8859857482185273,4631
0.68,0.7218740206831714,0.8871282830475363,4607
0.682,0.7199937323722971,0.8877040261153427,4595
0.684,0.7176433719837042,0.8875545851528385,4580
0.686,0.7157630836728298,0.888353765323993,4568
0.688,0.7123158884362268,0.8889133304003519,4546
0.69,0.7101222187402069,0.8898940864960282,4532
0.692,0.7076151676590411,0.8901682905225864,4516
0.694,0.7051081165778753,0.8906666666666667,4500
0.696,0.7033845189595738,0.890621519269325,4489
0.698,0.7018176120338452,0.8910471087296271,4479
0.7,0.6996239423378251,0.8916013437849944,4465
0.702,0.6957066750235036,0.8923423423423423,4440
0.704,0.6936696960200565,0.8924779760560199,4427
0.706,0.6911626449388907,0.8934481976875992,4411
0.708,0.6886555938577249,0.89419795221843,4395
0.71,0.6844249451582576,0.8946886446886447,4368
0.712,0.682858038232529,0.8946764570904084,4358
0.714,0.6808210592290818,0.895512082853855,4345
0.716,0.6787840802256346,0.8961218836565097,4332
0.718,0.6751801942964588,0.8964957066604781,4309
0.72,0.6722030711375744,0.8976689976689977,4290
0.722,0.6693826386712629,0.8979400749063671,4272
0.724,0.66703227828267,0.8975804557199906,4257
0.726,0.6632717016609213,0.8981809591306402,4233
0.728,0.6596678157317455,0.8992874109263658,4210
0.73,0.6574741460357255,0.9001429933269781,4196
0.732,0.653556878721404,0.9000239750659315,4171
0.734,0.6510498276402382,0.9008423586040915,4155
0.736,0.6476026324036352,0.9020082264698766,4133
0.738,0.6447821999373238,0.9025516403402187,4115
0.74,0.6410216233155751,0.9027132730383769,4091
0.742,0.6374177373863993,0.9029006882989183,4068
0.744,0.6333437793795048,0.9030183077684315,4042
0.746,0.6302099655280476,0.9027846842366981,4022
0.748,0.6256659354434346,0.9033308289506636,3993
0.75,0.6222187402068318,0.9038025686225132,3971
0.752,0.6200250705108117,0.9037149355572404,3957
0.754,0.616264493889063,0.9046529366895499,3933
0.756,0.6126606079598872,0.9056265984654731,3910
0.758,0.6098401754935757,0.9062178828365879,3892
0.76,0.6054528361015356,0.9070910973084886,3864
0.762,0.6021623315575055,0.908144678636482,3843
0.764,0.5991852083986211,0.9087343096234309,3824
0.766,0.5955813224694453,0.909234411996843,3801
0.768,0.5922908179254153,0.9097883597883598,3780
0.77,0.5888436226888123,0.9105907397551889,3758
0.772,0.5849263553744908,0.9110634878114118,3733
0.774,0.5799122532121592,0.9119156984598757,3701
0.776,0.5770918207458478,0.9128427912028237,3683
0.778,0.5731745534315261,0.9127938764352105,3658
0.78,0.5692572861172046,0.913570052298376,3633
0.782,0.5640864932623002,0.9147222222222222,3600
0.784,0.5611093701034159,0.9148282602624965,3581
0.786,0.5556251958633657,0.9159616469261139,3546
0.788,0.5510811657787528,0.9164060278646574,3517
0.79,0.547477279849577,0.9175729822552948,3494
0.792,0.5429332497649639,0.918037518037518,3465
0.794,0.5397994359135068,0.918722786647315,3445
0.796,0.5360388592917581,0.9196141479099679,3421
0.798,0.5319649012848637,0.9192930780559646,3395
0.8,0.527107489815105,0.9191438763376932,3364
0.802,0.5238169852710749,0.9204307508226144,3343
0.804,0.5183328110310248,0.9204957678355502,3308
0.806,0.5145722344092761,0.9211327649208283,3284
0.808,0.5108116577875275,0.9211656441717792,3260
0.81,0.507834534628643,0.9213205800678803,3241
0.812,0.5021936696960201,0.9213728549141965,3205
0.814,0.4974929489188342,0.9225196850393701,3175
0.816,0.4934189909119398,0.9221975230231819,3149
0.818,0.48840488874960825,0.9230028873917228,3117
0.82,0.48448762143528673,0.9233505821474773,3092
0.822,0.4805703541209652,0.9240299967394848,3067
0.824,0.47602632403635226,0.9249506254114549,3038
0.826,0.4708555311814478,0.9254575707154742,3005
0.828,0.4678784080225635,0.9266577361018085,2986
0.83,0.4619241617047947,0.926729986431479,2948
0.832,0.45738013162018176,0.9263446385748544,2919
0.834,0.4523660294578502,0.9269137512989262,2887
0.836,0.4471952366029458,0.928521373510862,2854
0.838,0.44296458790347853,0.928546162009197,2827
0.84,0.4381071764337198,0.928826895565093,2796
0.842,0.4318395487308054,0.9292452830188679,2756
0.844,0.4257286117204638,0.9300699300699301,2717
0.846,0.4197743654026951,0.9301978350130645,2679
0.848,0.4142901911626449,0.9311649016641452,2644
0.85,0.4086493262300219,0.9317484662576687,2608
0.852,0.40269507991225323,0.9330739299610895,2570
0.854,0.3959573801316202,0.9343094578551642,2527
0.856,0.39047320589157003,0.934991974317817,2492
0.858,0.38483234095894703,0.9360749185667753,2456
0.86,0.3785647132560326,0.9379139072847682,2416
0.862,0.373550611093701,0.9379194630872483,2384
0.864,0.3683798182387966,0.9391748192258613,2351
0.866,0.3616421184581636,0.9393414211438474,2308
0.868,0.35412096521466624,0.9402654867256637,2260
0.87,0.3500470072077719,0.9404655326768129,2234
0.872,0.3439360701974303,0.9416856492027335,2195
0.874,0.33719837041679723,0.9428438661710037,2152
0.876,0.33077405202130994,0.9426811937470393,2111
0.878,0.326230021936697,0.9433237271853987,2082
0.88,0.31980570354120963,0.9446349828515433,2041
0.882,0.31306800376057664,0.944944944944945,1998
0.884,0.30523346913193355,0.9460985626283368,1948
0.886,0.2973989345032905,0.946786090621707,1898
0.888,0.2906612347226575,0.9455525606469003,1855
0.89,0.28439360701974303,0.947107438016529,1815
0.892,0.2781259793168286,0.948169014084507,1775
0.894,0.2704481353807584,0.9490150637311703,1726
0.896,0.2633970542149796,0.9535990481856038,1681
0.898,0.2560325916640552,0.9547123623011016,1634
0.9,0.24960827326856785,0.9548022598870056,1593
0.902,0.24083359448448763,0.9538061158100195,1537
0.904,0.23143215293011596,0.9553148273527421,1477
0.906,0.22469445314948291,0.9553695955369595,1434
0.908,0.21685991852083986,0.9559248554913294,1384
0.91,0.20714509558132246,0.9553706505295008,1322
0.912,0.19946725164525228,0.9544383346425765,1273
0.914,0.1921027890943278,0.9543230016313213,1226
0.916,0.18505170792854905,0.9568162574089755,1181
0.918,0.177217173299906,0.9566755083996463,1131
0.92,0.17000940144155438,0.9566820276497696,1085
0.922,0.16170479473519273,0.9563953488372093,1032
0.924,0.15434033218426826,0.9553299492385787,985
0.926,0.1477593230962081,0.9565217391304348,943
0.928,0.14023816985271076,0.9553072625698324,895
0.93,0.13130680037605766,0.9558472553699284,838
0.932,0.12237543089940457,0.9603072983354674,781
0.934,0.11438420557818865,0.963013698630137,730
0.936,0.10670636164211846,0.9647577092511013,681
0.938,0.09918520839862112,0.9699842022116903,633
0.94,0.08994045753682231,0.9721254355400697,574
0.942,0.0827326856784707,0.9734848484848485,528
0.944,0.0750548417424005,0.9707724425887265,479
0.946,0.06800376057662175,0.9746543778801844,434
0.948,0.062362895643998745,0.9748743718592965,398
0.95,0.05531181447821999,0.9801699716713881,353
0.952,0.04857411469758696,0.9806451612903225,310
0.954,0.04387339392040113,0.9785714285714285,280
0.956,0.03870260106549671,0.979757085020243,247
0.958,0.03321842682544657,0.9811320754716981,212
0.96,0.027734252585396427,0.9774011299435028,177
0.962,0.024443748041366342,0.9807692307692307,156
0.964,0.01864619241617048,0.9747899159663865,119
0.966,0.015512378564713256,0.9696969696969697,99
0.968,0.01206518332811031,0.961038961038961,77
0.97,0.009244750861798809,0.9661016949152542,59
